-- MySQL dump 10.14  Distrib 5.5.65-MariaDB, for Linux (x86_64)
--
-- Host: localhost    Database: cv
-- ------------------------------------------------------
-- Server version	5.5.65-MariaDB

/*!40101 SET @OLD_CHARACTER_SET_CLIENT=@@CHARACTER_SET_CLIENT */;
/*!40101 SET @OLD_CHARACTER_SET_RESULTS=@@CHARACTER_SET_RESULTS */;
/*!40101 SET @OLD_COLLATION_CONNECTION=@@COLLATION_CONNECTION */;
/*!40101 SET NAMES utf8 */;
/*!40103 SET @OLD_TIME_ZONE=@@TIME_ZONE */;
/*!40103 SET TIME_ZONE='+00:00' */;
/*!40014 SET @OLD_UNIQUE_CHECKS=@@UNIQUE_CHECKS, UNIQUE_CHECKS=0 */;
/*!40014 SET @OLD_FOREIGN_KEY_CHECKS=@@FOREIGN_KEY_CHECKS, FOREIGN_KEY_CHECKS=0 */;
/*!40101 SET @OLD_SQL_MODE=@@SQL_MODE, SQL_MODE='NO_AUTO_VALUE_ON_ZERO' */;
/*!40111 SET @OLD_SQL_NOTES=@@SQL_NOTES, SQL_NOTES=0 */;

--
-- Table structure for table `answer_interviews`
--

DROP TABLE IF EXISTS `answer_interviews`;
/*!40101 SET @saved_cs_client     = @@character_set_client */;
/*!40101 SET character_set_client = utf8 */;
CREATE TABLE `answer_interviews` (
  `id` int(11) NOT NULL AUTO_INCREMENT,
  `question_id` int(11) NOT NULL,
  `result_interview_id` int(11) NOT NULL,
  `answer_content` varchar(255) DEFAULT NULL,
  `comment` varchar(500) DEFAULT NULL,
  `result` int(11) DEFAULT NULL,
  `answer_id` int(11) DEFAULT NULL,
  `created_at` timestamp NULL DEFAULT NULL,
  `updated_at` timestamp NULL DEFAULT NULL,
  PRIMARY KEY (`id`)
) ENGINE=InnoDB AUTO_INCREMENT=493 DEFAULT CHARSET=utf8mb4;
/*!40101 SET character_set_client = @saved_cs_client */;

--
-- Dumping data for table `answer_interviews`
--

LOCK TABLES `answer_interviews` WRITE;
/*!40000 ALTER TABLE `answer_interviews` DISABLE KEYS */;
INSERT INTO `answer_interviews` VALUES (119,8,14,NULL,NULL,NULL,39,'2021-06-15 14:01:31','2021-06-15 14:01:31'),(120,10,14,'â',NULL,NULL,NULL,'2021-06-15 14:01:31','2021-06-15 14:01:31'),(122,11,37,'ttt',NULL,NULL,NULL,'2021-06-15 14:07:31','2021-06-15 14:07:31'),(126,-1,38,NULL,NULL,NULL,NULL,'2021-06-15 15:09:28','2021-06-15 15:09:28'),(177,12,40,'aaa',NULL,NULL,NULL,'2021-06-15 17:41:12','2021-06-15 17:41:12'),(178,10,40,'a',NULL,NULL,NULL,'2021-06-15 17:41:12','2021-06-15 17:41:12'),(216,3,30,NULL,NULL,NULL,13,'2021-06-17 02:59:54','2021-06-17 02:59:54'),(217,6,30,NULL,NULL,NULL,29,'2021-06-17 02:59:54','2021-06-17 02:59:54'),(228,-1,41,NULL,NULL,NULL,NULL,'2021-06-17 04:19:14','2021-06-17 04:19:14'),(241,2,42,NULL,NULL,NULL,6,'2021-06-17 10:56:09','2021-06-17 10:56:09'),(242,11,42,'123',NULL,NULL,NULL,'2021-06-17 10:56:09','2021-06-17 10:56:09'),(254,10,43,'nhu',NULL,NULL,NULL,'2021-06-17 14:03:02','2021-06-17 14:03:02'),(265,4,36,NULL,NULL,NULL,17,'2021-06-17 18:36:24','2021-06-17 18:36:24'),(267,11,44,'111',NULL,NULL,NULL,'2021-06-17 18:43:14','2021-06-17 18:43:14'),(388,7,39,NULL,'Bình luận0Bình luận0',NULL,35,'2021-06-20 15:25:49','2021-06-20 15:25:49'),(389,11,39,'Bình luận1',NULL,NULL,NULL,'2021-06-20 15:25:49','2021-06-20 15:25:49'),(390,4,39,NULL,NULL,NULL,18,'2021-06-20 15:25:49','2021-06-20 15:25:49'),(392,1,45,'asdsa',NULL,NULL,1,'2021-06-21 01:50:26','2021-06-21 01:50:26'),(393,9,45,'123123',NULL,NULL,NULL,'2021-06-21 01:50:26','2021-06-21 01:50:26'),(404,10,34,NULL,NULL,NULL,NULL,'2021-06-21 03:48:34','2021-06-21 03:48:34'),(407,10,35,NULL,NULL,NULL,NULL,'2021-06-21 03:55:21','2021-06-21 03:55:21'),(430,3,33,NULL,'ád',NULL,11,'2021-06-21 14:35:35','2021-06-21 14:35:35'),(431,2,33,NULL,'adasd',NULL,8,'2021-06-21 14:35:35','2021-06-21 14:35:35'),(432,1,33,NULL,'ssss',NULL,4,'2021-06-21 14:35:35','2021-06-21 14:35:35'),(441,1,46,NULL,'abc',NULL,2,'2021-06-23 03:45:38','2021-06-23 03:45:38'),(442,11,46,'ádasd',NULL,NULL,NULL,'2021-06-23 03:45:38','2021-06-23 03:45:38'),(443,4,46,NULL,'dđ',NULL,19,'2021-06-23 03:45:38','2021-06-23 03:45:38'),(444,13,46,'abc',NULL,NULL,NULL,'2021-06-23 03:45:38','2021-06-23 03:45:38'),(445,-1,47,NULL,NULL,NULL,NULL,'2021-06-23 03:55:14','2021-06-23 03:55:14'),(447,-1,49,NULL,NULL,NULL,NULL,'2021-06-23 16:03:18','2021-06-23 16:03:18'),(448,-1,48,NULL,NULL,NULL,NULL,'2021-06-24 03:00:31','2021-06-24 03:00:31'),(449,-1,50,NULL,NULL,NULL,NULL,'2021-06-24 03:01:17','2021-06-24 03:01:17'),(451,1,51,NULL,'すばらしい。',NULL,5,'2021-06-28 07:21:19','2021-06-28 07:21:19'),(452,7,51,NULL,NULL,NULL,35,'2021-06-28 07:21:19','2021-06-28 07:21:19'),(453,11,52,'zcz',NULL,NULL,NULL,'2021-07-03 02:55:59','2021-07-03 02:55:59'),(454,10,52,'cxz',NULL,NULL,NULL,'2021-07-03 02:55:59','2021-07-03 02:55:59'),(464,9,55,NULL,'Tesst',NULL,43,'2021-08-17 10:16:39','2021-08-17 10:16:39'),(465,12,55,'Tesst',NULL,NULL,NULL,'2021-08-17 10:16:39','2021-08-17 10:16:39'),(466,1,55,NULL,'Tesst',NULL,4,'2021-08-17 10:16:39','2021-08-17 10:16:39'),(467,2,53,NULL,'test',NULL,7,'2021-08-17 13:36:10','2021-08-17 13:36:10'),(470,5,56,NULL,NULL,NULL,23,'2021-08-17 15:44:03','2021-08-17 15:44:03'),(484,-1,57,NULL,NULL,NULL,NULL,'2021-08-28 08:55:39','2021-08-28 08:55:39'),(491,-1,54,NULL,NULL,NULL,NULL,'2021-08-28 18:35:14','2021-08-28 18:35:14'),(492,3,54,NULL,'scscdc',NULL,12,'2021-08-28 18:35:14','2021-08-28 18:35:14');
/*!40000 ALTER TABLE `answer_interviews` ENABLE KEYS */;
UNLOCK TABLES;

--
-- Table structure for table `answers`
--

DROP TABLE IF EXISTS `answers`;
/*!40101 SET @saved_cs_client     = @@character_set_client */;
/*!40101 SET character_set_client = utf8 */;
CREATE TABLE `answers` (
  `id` int(11) NOT NULL AUTO_INCREMENT,
  `question_id` int(11) NOT NULL,
  `content` varchar(255) NOT NULL,
  `score` varchar(255) DEFAULT NULL,
  `created_at` timestamp NOT NULL DEFAULT CURRENT_TIMESTAMP ON UPDATE CURRENT_TIMESTAMP,
  `updated_at` timestamp NULL DEFAULT NULL,
  PRIMARY KEY (`id`)
) ENGINE=InnoDB AUTO_INCREMENT=47 DEFAULT CHARSET=utf8mb4;
/*!40101 SET character_set_client = @saved_cs_client */;

--
-- Dumping data for table `answers`
--

LOCK TABLES `answers` WRITE;
/*!40000 ALTER TABLE `answers` DISABLE KEYS */;
INSERT INTO `answers` VALUES (1,1,'用意してきていない、もしくは、話せる日本語が身についていない','1','2021-06-20 01:36:22',NULL),(2,1,'伝えようとしているが、日本語が出てこない。ただ意欲は感じる','2','2021-06-20 01:44:11',NULL),(3,1,'たどたどしく、助詞などが間違っているが、伝わってくる','3','2021-06-20 01:44:16',NULL),(4,1,'日本語で簡単な自己紹介をすることができる','4','2021-06-20 01:44:18',NULL),(5,1,'伝える意欲があり、聞き取りやすい日本語で伝えることができる','5','2021-06-20 01:44:21',NULL),(6,2,'用意してきていない、話せない','1','2021-06-20 01:44:23',NULL),(7,2,'パターン化された回答で、角度を変えて質問し、良さを見つけていく必要がある','2','2021-06-20 01:44:25',NULL),(8,2,'話が抽象的で、こちらが質問を重ね、内容を具体化する必要がある','3','2021-06-20 01:44:28',NULL),(9,2,'強み、または、体験談は話せているが、２つの結びつきが説明しきれていない','4','2021-06-20 01:44:29',NULL),(10,2,'自分の強みが明確であり、自分の体験談と共に話せている','5','2021-06-20 01:44:31',NULL),(11,3,'用意してきていない、話せない','1','2021-06-20 01:44:33',NULL),(12,3,'あいまいでこちらの質問にも解答に困る様子','2','2021-06-20 01:44:34',NULL),(13,3,'なんとなくいいたことは伝わるが、日本語での表現力に欠ける','3','2021-06-20 01:44:36',NULL),(14,3,'自分の中で自信につながっていたり、スキルが身についたりした出来事となっている','4','2021-06-20 01:44:38',NULL),(15,3,'頑張ったことが自分だけにとどまらず、周りにも良い影響を与えた経験がある','5','2021-06-20 01:44:42',NULL),(16,4,'用意してきていない、話せない','1','2021-06-20 01:44:43',NULL),(17,4,'あいまいに伝えており、こちらの質問にも回答にも困る','2','2021-06-20 01:44:45',NULL),(18,4,'なんとなく行動した様子がわかる','3','2021-06-20 01:44:46',NULL),(19,4,'目標を立て行動した経験がある','4','2021-06-20 01:44:47',NULL),(20,4,'自分の良し悪しを自覚しており、目標を立て行動した経験がある','5','2021-06-20 01:44:49',NULL),(21,5,'あまり日本への興味はない','1','2021-06-20 01:44:50',NULL),(22,5,'日本といえばこれ、というステレオタイプで日本を理解をしている\r\n','2','2021-06-20 01:44:53',NULL),(23,5,'日本への興味はあるが、経験は少ない、もしくは、ない','3','2021-06-20 01:44:54',NULL),(24,5,'日常的に日本文化に触れているわけではないが、経験がある','4','2021-06-20 01:44:56',NULL),(25,5,'日本語話者との交流や日本文化に触れる機会が日頃からある','5','2021-06-20 01:44:59',NULL),(27,6,'質問の意味が分からない','1','2021-06-20 01:47:11',NULL),(28,6,'あまり挙げられない、もしくは、ネガティブな捉え方をしてる','2','2021-06-20 01:47:14',NULL),(29,6,'日本人の働き方の特徴は知っている','3','2021-06-20 01:47:15',NULL),(30,6,'日本人の働き方の特徴を挙げ、自分の体験を話せるが、\r\n適応できるかどうかわからない\r\n','4','2021-06-20 01:47:18',NULL),(31,6,'日本人の働き方の特徴を挙げ、体験や性格について適応できた事例を挙がられる','5','2021-06-20 01:47:20',NULL),(32,7,'質問内容が分からない','1','2021-06-20 01:47:23',NULL),(33,7,'あまり説明できない','2','2021-06-20 01:47:24',NULL),(34,7,'専門用語ではないが、簡単な日本語で説明できる','3','2021-06-20 01:47:26',NULL),(35,7,'仕事・授業内容が専門用語で説明できる','4','2021-06-20 01:47:28',NULL),(36,7,'仕事・授業内容が専門用語で説明し、自分の分野・業界がはっきりと説明できる','5','2021-06-20 01:47:29',NULL),(37,8,'忙しいからあまり勉強していない、もしくは、勉強していない','1','2021-06-20 01:47:33',NULL),(38,8,'やれるときにやる、と言っていて、あまり熱心に勉強していない','2','2021-06-20 01:47:34',NULL),(39,8,'時々勉強しているが、必要性や熱心さは感じられない','3','2021-06-20 01:47:36',NULL),(40,8,'習慣化できているが、明確な目標はない','4','2021-06-20 01:47:37',NULL),(41,8,'習慣化できていて、勉強する方法・受験する予定などが明確になっている','5','2021-06-20 01:47:40',NULL),(42,9,'質問の意味がわからない','1','2021-06-20 01:47:41',NULL),(43,9,'あまりにも話せない','2','2021-06-20 01:47:43',NULL),(44,9,'失敗した経験を話せる','3','2021-06-20 01:47:45',NULL),(45,9,'失敗した経験は伝えられるが、活かそうとしているとはあまり思えない','4','2021-06-20 01:47:46',NULL),(46,9,'失敗した経験を分析・反省し、将来に活かせるよう努力している','5','2021-06-20 01:47:49',NULL);
/*!40000 ALTER TABLE `answers` ENABLE KEYS */;
UNLOCK TABLES;

--
-- Table structure for table `candidate_achievements`
--

DROP TABLE IF EXISTS `candidate_achievements`;
/*!40101 SET @saved_cs_client     = @@character_set_client */;
/*!40101 SET character_set_client = utf8 */;
CREATE TABLE `candidate_achievements` (
  `id` bigint(20) unsigned NOT NULL AUTO_INCREMENT,
  `candidate_id` int(11) NOT NULL,
  `name` varchar(255) COLLATE utf8mb4_unicode_ci NOT NULL,
  `value` varchar(255) COLLATE utf8mb4_unicode_ci NOT NULL,
  `year` int(11) NOT NULL DEFAULT '0',
  `month` int(11) NOT NULL DEFAULT '0',
  `created_at` timestamp NULL DEFAULT NULL,
  `updated_at` timestamp NULL DEFAULT NULL,
  PRIMARY KEY (`id`)
) ENGINE=InnoDB DEFAULT CHARSET=utf8mb4 COLLATE=utf8mb4_unicode_ci;
/*!40101 SET character_set_client = @saved_cs_client */;

--
-- Dumping data for table `candidate_achievements`
--

LOCK TABLES `candidate_achievements` WRITE;
/*!40000 ALTER TABLE `candidate_achievements` DISABLE KEYS */;
/*!40000 ALTER TABLE `candidate_achievements` ENABLE KEYS */;
UNLOCK TABLES;

--
-- Table structure for table `candidate_education_histories`
--

DROP TABLE IF EXISTS `candidate_education_histories`;
/*!40101 SET @saved_cs_client     = @@character_set_client */;
/*!40101 SET character_set_client = utf8 */;
CREATE TABLE `candidate_education_histories` (
  `id` bigint(20) unsigned NOT NULL AUTO_INCREMENT,
  `candidate_id` int(11) NOT NULL,
  `from_month` int(11) DEFAULT NULL,
  `from_year` int(11) DEFAULT NULL,
  `to_month` int(11) DEFAULT NULL,
  `to_year` int(11) DEFAULT NULL,
  `school_name` varchar(255) COLLATE utf8mb4_unicode_ci NOT NULL,
  `faculty` varchar(255) COLLATE utf8mb4_unicode_ci DEFAULT NULL,
  `study_skills` varchar(1000) COLLATE utf8mb4_unicode_ci DEFAULT NULL,
  `created_at` timestamp NULL DEFAULT NULL,
  `updated_at` timestamp NULL DEFAULT NULL,
  PRIMARY KEY (`id`)
) ENGINE=InnoDB AUTO_INCREMENT=318 DEFAULT CHARSET=utf8mb4 COLLATE=utf8mb4_unicode_ci;
/*!40101 SET character_set_client = @saved_cs_client */;

--
-- Dumping data for table `candidate_education_histories`
--

LOCK TABLES `candidate_education_histories` WRITE;
/*!40000 ALTER TABLE `candidate_education_histories` DISABLE KEYS */;
INSERT INTO `candidate_education_histories` VALUES (311,159,4,2014,5,2019,'dasdasd',NULL,NULL,'2021-09-07 08:11:58','2021-09-07 08:11:58'),(312,160,4,2014,5,2019,'dasdasd',NULL,NULL,'2021-09-07 08:15:35','2021-09-07 08:15:35'),(313,161,4,2014,5,2019,'dasdasd',NULL,NULL,'2021-09-07 08:17:10','2021-09-07 08:17:10'),(314,162,4,2014,5,2019,'dasdasd',NULL,NULL,'2021-09-07 08:19:31','2021-09-07 08:19:31'),(315,163,4,2014,5,2019,'dasdasd',NULL,NULL,'2021-09-07 08:21:23','2021-09-07 08:21:23'),(316,164,4,2014,5,2019,'dasdasd',NULL,NULL,'2021-09-07 08:46:40','2021-09-07 08:46:40'),(317,165,4,2014,5,2019,'dasdasd',NULL,NULL,'2021-09-08 07:24:35','2021-09-08 07:24:35');
/*!40000 ALTER TABLE `candidate_education_histories` ENABLE KEYS */;
UNLOCK TABLES;

--
-- Table structure for table `candidate_languages`
--

DROP TABLE IF EXISTS `candidate_languages`;
/*!40101 SET @saved_cs_client     = @@character_set_client */;
/*!40101 SET character_set_client = utf8 */;
CREATE TABLE `candidate_languages` (
  `id` bigint(20) unsigned NOT NULL AUTO_INCREMENT,
  `candidate_id` int(11) NOT NULL,
  `name` varchar(191) COLLATE utf8mb4_unicode_ci NOT NULL,
  `level` varchar(255) COLLATE utf8mb4_unicode_ci DEFAULT NULL,
  `year` varchar(255) COLLATE utf8mb4_unicode_ci DEFAULT NULL,
  `month` varchar(255) COLLATE utf8mb4_unicode_ci DEFAULT NULL,
  `created_at` timestamp NULL DEFAULT NULL,
  `updated_at` timestamp NULL DEFAULT NULL,
  PRIMARY KEY (`id`)
) ENGINE=InnoDB AUTO_INCREMENT=719 DEFAULT CHARSET=utf8mb4 COLLATE=utf8mb4_unicode_ci;
/*!40101 SET character_set_client = @saved_cs_client */;

--
-- Dumping data for table `candidate_languages`
--

LOCK TABLES `candidate_languages` WRITE;
/*!40000 ALTER TABLE `candidate_languages` DISABLE KEYS */;
INSERT INTO `candidate_languages` VALUES (691,159,'日本語能力','N1','','','2021-09-07 08:11:58','2021-09-07 08:11:58'),(692,159,'英語（TOEIC）','100','','','2021-09-07 08:11:58','2021-09-07 08:11:58'),(693,159,'日本の自動車免許','有','','','2021-09-07 08:11:58','2021-09-07 08:11:58'),(694,159,'その他','100000','','','2021-09-07 08:11:58','2021-09-07 08:11:58'),(695,160,'日本語能力','N1','','','2021-09-07 08:15:35','2021-09-07 08:15:35'),(696,160,'英語（TOEIC）','100','','','2021-09-07 08:15:35','2021-09-07 08:15:35'),(697,160,'日本の自動車免許','有','','','2021-09-07 08:15:35','2021-09-07 08:15:35'),(698,160,'その他','100000','','','2021-09-07 08:15:35','2021-09-07 08:15:35'),(699,161,'日本語能力','N1','','','2021-09-07 08:17:10','2021-09-07 08:17:10'),(700,161,'英語（TOEIC）','100','','','2021-09-07 08:17:10','2021-09-07 08:17:10'),(701,161,'日本の自動車免許','有','','','2021-09-07 08:17:10','2021-09-07 08:17:10'),(702,161,'その他','100000','','','2021-09-07 08:17:10','2021-09-07 08:17:10'),(703,162,'日本語能力','N1','','','2021-09-07 08:19:31','2021-09-07 08:19:31'),(704,162,'英語（TOEIC）','100','','','2021-09-07 08:19:31','2021-09-07 08:19:31'),(705,162,'日本の自動車免許','有','','','2021-09-07 08:19:31','2021-09-07 08:19:31'),(706,162,'その他','100000','','','2021-09-07 08:19:31','2021-09-07 08:19:31'),(707,163,'日本語能力','N1','','','2021-09-07 08:21:23','2021-09-07 08:21:23'),(708,163,'英語（TOEIC）','100','','','2021-09-07 08:21:23','2021-09-07 08:21:23'),(709,163,'日本の自動車免許','有','','','2021-09-07 08:21:23','2021-09-07 08:21:23'),(710,163,'その他','100000','','','2021-09-07 08:21:23','2021-09-07 08:21:23'),(711,164,'日本語能力','N1','','','2021-09-07 08:46:40','2021-09-07 08:46:40'),(712,164,'英語（TOEIC）','100','','','2021-09-07 08:46:40','2021-09-07 08:46:40'),(713,164,'日本の自動車免許','有','','','2021-09-07 08:46:40','2021-09-07 08:46:40'),(714,164,'その他','100000','','','2021-09-07 08:46:40','2021-09-07 08:46:40'),(715,165,'日本語能力','N1','','','2021-09-08 07:24:35','2021-09-08 07:24:35'),(716,165,'英語（TOEIC）','100','','','2021-09-08 07:24:35','2021-09-08 07:24:35'),(717,165,'日本の自動車免許','有','','','2021-09-08 07:24:35','2021-09-08 07:24:35'),(718,165,'その他','100000','','','2021-09-08 07:24:35','2021-09-08 07:24:35');
/*!40000 ALTER TABLE `candidate_languages` ENABLE KEYS */;
UNLOCK TABLES;

--
-- Table structure for table `candidate_software_skills`
--

DROP TABLE IF EXISTS `candidate_software_skills`;
/*!40101 SET @saved_cs_client     = @@character_set_client */;
/*!40101 SET character_set_client = utf8 */;
CREATE TABLE `candidate_software_skills` (
  `id` bigint(20) unsigned NOT NULL AUTO_INCREMENT,
  `candidate_id` int(11) NOT NULL,
  `software` varchar(255) COLLATE utf8mb4_unicode_ci NOT NULL,
  `year` int(11) NOT NULL,
  `created_at` timestamp NULL DEFAULT NULL,
  `updated_at` timestamp NULL DEFAULT NULL,
  PRIMARY KEY (`id`)
) ENGINE=InnoDB AUTO_INCREMENT=286 DEFAULT CHARSET=utf8mb4 COLLATE=utf8mb4_unicode_ci;
/*!40101 SET character_set_client = @saved_cs_client */;

--
-- Dumping data for table `candidate_software_skills`
--

LOCK TABLES `candidate_software_skills` WRITE;
/*!40000 ALTER TABLE `candidate_software_skills` DISABLE KEYS */;
/*!40000 ALTER TABLE `candidate_software_skills` ENABLE KEYS */;
UNLOCK TABLES;

--
-- Table structure for table `candidate_working_histories`
--

DROP TABLE IF EXISTS `candidate_working_histories`;
/*!40101 SET @saved_cs_client     = @@character_set_client */;
/*!40101 SET character_set_client = utf8 */;
CREATE TABLE `candidate_working_histories` (
  `id` bigint(20) unsigned NOT NULL AUTO_INCREMENT,
  `candidate_id` int(11) NOT NULL,
  `from_month` int(11) NOT NULL,
  `from_year` int(11) NOT NULL,
  `to_month` int(11) NOT NULL,
  `to_year` int(11) NOT NULL,
  `company` varchar(255) COLLATE utf8mb4_unicode_ci NOT NULL,
  `contract_type` varchar(255) COLLATE utf8mb4_unicode_ci DEFAULT NULL,
  `work_place_type` varchar(255) COLLATE utf8mb4_unicode_ci DEFAULT NULL,
  `work_content` varchar(1000) COLLATE utf8mb4_unicode_ci DEFAULT NULL,
  `work_skill` varchar(255) COLLATE utf8mb4_unicode_ci DEFAULT NULL,
  `created_at` timestamp NULL DEFAULT NULL,
  `updated_at` timestamp NULL DEFAULT NULL,
  PRIMARY KEY (`id`)
) ENGINE=InnoDB AUTO_INCREMENT=316 DEFAULT CHARSET=utf8mb4 COLLATE=utf8mb4_unicode_ci;
/*!40101 SET character_set_client = @saved_cs_client */;

--
-- Dumping data for table `candidate_working_histories`
--

LOCK TABLES `candidate_working_histories` WRITE;
/*!40000 ALTER TABLE `candidate_working_histories` DISABLE KEYS */;
INSERT INTO `candidate_working_histories` VALUES (309,159,5,2019,6,2021,'dasds','4','2','adasdas',NULL,'2021-09-07 08:11:58','2021-09-07 08:11:58'),(310,160,5,2019,6,2021,'dasds','4','2','adasdas',NULL,'2021-09-07 08:15:35','2021-09-07 08:15:35'),(311,161,5,2019,6,2021,'dasds','4','2','adasdas',NULL,'2021-09-07 08:17:10','2021-09-07 08:17:10'),(312,162,5,2019,6,2021,'dasds','4','2','adasdas',NULL,'2021-09-07 08:19:31','2021-09-07 08:19:31'),(313,163,5,2019,6,2021,'dasds','4','2','adasdas',NULL,'2021-09-07 08:21:23','2021-09-07 08:21:23'),(314,164,5,2019,6,2021,'dasds','4','2','adasdas',NULL,'2021-09-07 08:46:40','2021-09-07 08:46:40'),(315,165,5,2019,6,2021,'dasds','4','2','adasdas',NULL,'2021-09-08 07:24:35','2021-09-08 07:24:35');
/*!40000 ALTER TABLE `candidate_working_histories` ENABLE KEYS */;
UNLOCK TABLES;

--
-- Table structure for table `candidates`
--

DROP TABLE IF EXISTS `candidates`;
/*!40101 SET @saved_cs_client     = @@character_set_client */;
/*!40101 SET character_set_client = utf8 */;
CREATE TABLE `candidates` (
  `id` bigint(20) unsigned NOT NULL AUTO_INCREMENT,
  `name_kana` varchar(100) COLLATE utf8mb4_unicode_ci NOT NULL,
  `birthday` date NOT NULL,
  `name` varchar(100) COLLATE utf8mb4_unicode_ci NOT NULL,
  `age` int(11) NOT NULL,
  `country` varchar(100) COLLATE utf8mb4_unicode_ci NOT NULL,
  `gender` smallint(6) NOT NULL DEFAULT '0',
  `phone` varchar(20) COLLATE utf8mb4_unicode_ci DEFAULT NULL,
  `married_status` tinyint(4) NOT NULL DEFAULT '0',
  `zip_code` varchar(255) COLLATE utf8mb4_unicode_ci DEFAULT NULL,
  `near_train_station` varchar(255) COLLATE utf8mb4_unicode_ci DEFAULT NULL,
  `email` varchar(255) COLLATE utf8mb4_unicode_ci NOT NULL,
  `japan_visa` smallint(6) NOT NULL DEFAULT '0',
  `japan_visa_date_expired` date DEFAULT NULL,
  `japan_visa_type` varchar(191) COLLATE utf8mb4_unicode_ci DEFAULT NULL,
  `japan_language_level` smallint(6) DEFAULT NULL,
  `english_language_level` smallint(6) DEFAULT NULL,
  `other_language` varchar(191) COLLATE utf8mb4_unicode_ci DEFAULT NULL,
  `other_language_level` smallint(6) DEFAULT NULL,
  `self_pr` text COLLATE utf8mb4_unicode_ci,
  `applicant_comment` text COLLATE utf8mb4_unicode_ci,
  `applicant_advantage_skill_explanation` text COLLATE utf8mb4_unicode_ci,
  `cv_filename` varchar(1000) COLLATE utf8mb4_unicode_ci DEFAULT NULL,
  `status` smallint(6) NOT NULL DEFAULT '1',
  `introduce_company_type_id` smallint(6) DEFAULT NULL,
  `introduce_company_category_id` smallint(6) DEFAULT NULL,
  `company_referral` varchar(191) COLLATE utf8mb4_unicode_ci DEFAULT NULL,
  `remark` longtext COLLATE utf8mb4_unicode_ci,
  `created_at` timestamp NULL DEFAULT NULL,
  `updated_at` timestamp NULL DEFAULT NULL,
  `address` varchar(255) COLLATE utf8mb4_unicode_ci DEFAULT NULL,
  PRIMARY KEY (`id`)
) ENGINE=InnoDB AUTO_INCREMENT=166 DEFAULT CHARSET=utf8mb4 COLLATE=utf8mb4_unicode_ci;
/*!40101 SET character_set_client = @saved_cs_client */;

--
-- Dumping data for table `candidates`
--

LOCK TABLES `candidates` WRITE;
/*!40000 ALTER TABLE `candidates` DISABLE KEYS */;
/*!40000 ALTER TABLE `candidates` ENABLE KEYS */;
UNLOCK TABLES;

--
-- Table structure for table `company_categories`
--

DROP TABLE IF EXISTS `company_categories`;
/*!40101 SET @saved_cs_client     = @@character_set_client */;
/*!40101 SET character_set_client = utf8 */;
CREATE TABLE `company_categories` (
  `id` bigint(20) unsigned NOT NULL AUTO_INCREMENT,
  `company_type_id` varchar(191) COLLATE utf8mb4_unicode_ci NOT NULL,
  `name` varchar(255) COLLATE utf8mb4_unicode_ci NOT NULL,
  `created_at` timestamp NULL DEFAULT NULL,
  `updated_at` timestamp NULL DEFAULT NULL,
  PRIMARY KEY (`id`)
) ENGINE=InnoDB AUTO_INCREMENT=289 DEFAULT CHARSET=utf8mb4 COLLATE=utf8mb4_unicode_ci;
/*!40101 SET character_set_client = @saved_cs_client */;

--
-- Dumping data for table `company_categories`
--

LOCK TABLES `company_categories` WRITE;
/*!40000 ALTER TABLE `company_categories` DISABLE KEYS */;
INSERT INTO `company_categories` VALUES (1,'1','ソフトウェア・情報処理','2020-11-07 07:56:05','2020-11-07 07:56:05'),(2,'1','通信','2020-11-07 07:56:05','2020-11-07 07:56:05'),(3,'1','インターネット関連','2020-11-07 07:56:05','2020-11-07 07:56:05'),(4,'1','その他IT・通信系','2020-11-07 07:56:05','2020-11-07 07:56:05'),(5,'2','総合電機(メーカー)','2020-11-07 07:56:05','2020-11-07 07:56:05'),(6,'2','コンピュータ・通信機器・OA機器関連(メーカー)','2020-11-07 07:56:05','2020-11-07 07:56:05'),(7,'2','半導体・電子・電気部品(メーカー)','2020-11-07 07:56:05','2020-11-07 07:56:05'),(8,'2','家電・AV機器・ゲーム機器(メーカー)','2020-11-07 07:56:05','2020-11-07 07:56:05'),(9,'2','精密機器・計測機器(メーカー)','2020-11-07 07:56:05','2020-11-07 07:56:05'),(10,'2','重電・産業用電気機器(メーカー)','2020-11-07 07:56:05','2020-11-07 07:56:05'),(11,'2','機械関連(メーカー)','2020-11-07 07:56:05','2020-11-07 07:56:05'),(12,'2','自動車・輸送機器(メーカー)','2020-11-07 07:56:05','2020-11-07 07:56:05'),(13,'2','医療機器(メーカー)','2020-11-07 07:56:05','2020-11-07 07:56:05'),(14,'2','プラント・設備(メーカー)','2020-11-07 07:56:05','2020-11-07 07:56:05'),(15,'2','その他メーカー(電気・電子・機械系)','2020-11-07 07:56:05','2020-11-07 07:56:05'),(16,'3','化学・石油・ガラス・セラミック・セメント(メーカー)','2020-11-07 07:56:05','2020-11-07 07:56:05'),(17,'3','鉄鋼・金属(メーカー)','2020-11-07 07:56:05','2020-11-07 07:56:05'),(18,'3','住宅・建材・エクステリア(メーカー)','2020-11-07 07:56:05','2020-11-07 07:56:05'),(19,'3','繊維・服飾雑貨・皮革製品(メーカー)','2020-11-07 07:56:05','2020-11-07 07:56:05'),(20,'3','医薬品・化粧品・バイオ(メーカー)','2020-11-07 07:56:05','2020-11-07 07:56:05'),(21,'3','食料品(メーカー)','2020-11-07 07:56:05','2020-11-07 07:56:05'),(22,'3','紙・パルプ(メーカー)','2020-11-07 07:56:05','2020-11-07 07:56:05'),(23,'3','ファッション・アパレル・アクセサリー(メーカー)','2020-11-07 07:56:05','2020-11-07 07:56:05'),(24,'3','インテリア(メーカー)','2020-11-07 07:56:05','2020-11-07 07:56:05'),(25,'3','その他メーカー(その他)','2020-11-07 07:56:05','2020-11-07 07:56:05'),(26,'4','コンピュータ・通信機器・OA機器関連(商社)','2020-11-07 07:56:05','2020-11-07 07:56:05'),(27,'4','半導体・電子・電気部品(商社)','2020-11-07 07:56:05','2020-11-07 07:56:05'),(28,'4','家電・AV機器・ゲーム機器(商社)','2020-11-07 07:56:05','2020-11-07 07:56:05'),(29,'4','精密機器・計測機器(商社)','2020-11-07 07:56:05','2020-11-07 07:56:05'),(30,'4','重電・産業用電気機器(商社)','2020-11-07 07:56:05','2020-11-07 07:56:05'),(31,'4','機械関連(商社)','2020-11-07 07:56:05','2020-11-07 07:56:05'),(32,'4','自動車・輸送機器(商社)','2020-11-07 07:56:05','2020-11-07 07:56:05'),(33,'4','医療機器(商社)','2020-11-07 07:56:05','2020-11-07 07:56:05'),(34,'4','その他商社(電気・電子・機械系)','2020-11-07 07:56:05','2020-11-07 07:56:05'),(35,'5','総合商社','2020-11-07 07:56:05','2020-11-07 07:56:05'),(36,'5','化学・石油・ガラス・セラミック・セメント(商社)','2020-11-07 07:56:05','2020-11-07 07:56:05'),(37,'5','鉄鋼・金属(商社)','2020-11-07 07:56:05','2020-11-07 07:56:05'),(38,'5','住宅・建材・エクステリア(商社)','2020-11-07 07:56:05','2020-11-07 07:56:05'),(39,'5','繊維・服飾雑貨・皮革製品(商社)','2020-11-07 07:56:05','2020-11-07 07:56:05'),(40,'5','医薬品・化粧品・バイオ(商社)','2020-11-07 07:56:05','2020-11-07 07:56:05'),(41,'5','食料品(商社)','2020-11-07 07:56:05','2020-11-07 07:56:05'),(42,'5','紙・パルプ(商社)','2020-11-07 07:56:05','2020-11-07 07:56:05'),(43,'5','ファッション・アパレル・アクセサリー(商社)','2020-11-07 07:56:05','2020-11-07 07:56:05'),(44,'5','インテリア(商社)','2020-11-07 07:56:05','2020-11-07 07:56:05'),(45,'5','その他商社(その他)','2020-11-07 07:56:05','2020-11-07 07:56:05'),(46,'6','自動車(ディーラー)','2020-11-07 07:56:05','2020-11-07 07:56:05'),(47,'6','ファッション・アパレル・アクセサリー(小売)','2020-11-07 07:56:05','2020-11-07 07:56:05'),(48,'6','スポーツ用品(商社・小売)','2020-11-07 07:56:05','2020-11-07 07:56:05'),(49,'6','呉服・寝装品(商社・小売)','2020-11-07 07:56:05','2020-11-07 07:56:05'),(50,'6','スーパー・CVS・生協','2020-11-07 07:56:05','2020-11-07 07:56:05'),(51,'6','カメラ・メガネ・電気・OA(小売)','2020-11-07 07:56:05','2020-11-07 07:56:05'),(52,'6','百貨店','2020-11-07 07:56:05','2020-11-07 07:56:05'),(53,'6','音楽・書籍(小売)','2020-11-07 07:56:05','2020-11-07 07:56:05'),(54,'6','化粧品・医薬品(小売)','2020-11-07 07:56:05','2020-11-07 07:56:05'),(55,'6','ホームセンター・DIY','2020-11-07 07:56:05','2020-11-07 07:56:05'),(56,'6','石油製品(小売)','2020-11-07 07:56:05','2020-11-07 07:56:05'),(57,'6','運輸・倉庫','2020-11-07 07:56:05','2020-11-07 07:56:05'),(58,'6','その他流通・小売','2020-11-07 07:56:05','2020-11-07 07:56:05'),(59,'7','職業紹介・人材派遣','2020-11-07 07:56:05','2020-11-07 07:56:05'),(60,'7','ホテル・旅行','2020-11-07 07:56:05','2020-11-07 07:56:05'),(61,'7','レジャー・アミューズメント・スポーツ施設','2020-11-07 07:56:05','2020-11-07 07:56:05'),(62,'7','フードサービス・飲食','2020-11-07 07:56:05','2020-11-07 07:56:05'),(63,'7','警備・メンテナンス・清掃','2020-11-07 07:56:05','2020-11-07 07:56:05'),(64,'7','理容・美容・エステティック','2020-11-07 07:56:05','2020-11-07 07:56:05'),(65,'7','医療・福祉関連','2020-11-07 07:56:05','2020-11-07 07:56:05'),(66,'7','冠婚葬祭業','2020-11-07 07:56:05','2020-11-07 07:56:05'),(67,'7','その他サービス','2020-11-07 07:56:05','2020-11-07 07:56:05'),(68,'8','ビジネスコンサルタント・シンクタンク・コンサルティングファーム','2020-11-07 07:56:05','2020-11-07 07:56:05'),(69,'8','その他専門コンサル','2020-11-07 07:56:05','2020-11-07 07:56:05'),(70,'9','ゲーム','2020-11-07 07:56:05','2020-11-07 07:56:05'),(71,'9','放送・出版・映像・音響','2020-11-07 07:56:05','2020-11-07 07:56:05'),(72,'9','広告・デザイン・イベント','2020-11-07 07:56:05','2020-11-07 07:56:05'),(73,'9','印刷','2020-11-07 07:56:05','2020-11-07 07:56:05'),(74,'9','その他マスコミ系','2020-11-07 07:56:05','2020-11-07 07:56:05'),(75,'10','銀行','2020-11-07 07:56:05','2020-11-07 07:56:05'),(76,'10','信託銀行','2020-11-07 07:56:05','2020-11-07 07:56:05'),(77,'10','労働・信用金庫・信用組合','2020-11-07 07:56:05','2020-11-07 07:56:05'),(78,'10','証券・投資銀行','2020-11-07 07:56:05','2020-11-07 07:56:05'),(79,'10','投資信託・投資顧問','2020-11-07 07:56:05','2020-11-07 07:56:05'),(80,'10','生命保険','2020-11-07 07:56:05','2020-11-07 07:56:05'),(81,'10','損害保険','2020-11-07 07:56:05','2020-11-07 07:56:05'),(82,'10','クレジット・信販','2020-11-07 07:56:05','2020-11-07 07:56:05'),(83,'10','リース・レンタル','2020-11-07 07:56:05','2020-11-07 07:56:05'),(84,'10','商品取引','2020-11-07 07:56:05','2020-11-07 07:56:05'),(85,'10','消費者金融','2020-11-07 07:56:05','2020-11-07 07:56:05'),(86,'10','政府系金融機関','2020-11-07 07:56:05','2020-11-07 07:56:05'),(87,'10','その他金融','2020-11-07 07:56:05','2020-11-07 07:56:05'),(88,'11','建築・土木・設計','2020-11-07 07:56:05','2020-11-07 07:56:05'),(89,'11','不動産','2020-11-07 07:56:05','2020-11-07 07:56:05'),(90,'11','プラント・設備関連','2020-11-07 07:56:05','2020-11-07 07:56:05'),(91,'11','その他不動産・建設系','2020-11-07 07:56:05','2020-11-07 07:56:05'),(92,'12','教育','2020-11-07 07:56:05','2020-11-07 07:56:05'),(93,'12','電力・ガス・水道・エネルギー関連','2020-11-07 07:56:05','2020-11-07 07:56:05'),(94,'12','団体・連合会・官公庁・独立行政法人','2020-11-07 07:56:05','2020-11-07 07:56:05'),(95,'12','農林水産・鉱業','2020-11-07 07:56:05','2020-11-07 07:56:05'),(96,'12','その他業種','2020-11-07 07:56:05','2020-11-07 07:56:05'),(97,'16','ソフトウェア・情報処理','2021-09-01 08:00:06','2021-09-01 08:00:06'),(98,'16','通信','2021-09-01 08:00:06','2021-09-01 08:00:06'),(99,'16','インターネット関連','2021-09-01 08:00:06','2021-09-01 08:00:06'),(100,'16','その他IT・通信系','2021-09-01 08:00:06','2021-09-01 08:00:06'),(101,'17','総合電機(メーカー)','2021-09-01 08:00:06','2021-09-01 08:00:06'),(102,'17','コンピュータ・通信機器・OA機器関連(メーカー)','2021-09-01 08:00:06','2021-09-01 08:00:06'),(103,'17','半導体・電子・電気部品(メーカー)','2021-09-01 08:00:06','2021-09-01 08:00:06'),(104,'17','家電・AV機器・ゲーム機器(メーカー)','2021-09-01 08:00:06','2021-09-01 08:00:06'),(105,'17','精密機器・計測機器(メーカー)','2021-09-01 08:00:06','2021-09-01 08:00:06'),(106,'17','重電・産業用電気機器(メーカー)','2021-09-01 08:00:06','2021-09-01 08:00:06'),(107,'17','機械関連(メーカー)','2021-09-01 08:00:06','2021-09-01 08:00:06'),(108,'17','自動車・輸送機器(メーカー)','2021-09-01 08:00:06','2021-09-01 08:00:06'),(109,'17','医療機器(メーカー)','2021-09-01 08:00:06','2021-09-01 08:00:06'),(110,'17','プラント・設備(メーカー)','2021-09-01 08:00:06','2021-09-01 08:00:06'),(111,'17','その他メーカー(電気・電子・機械系)','2021-09-01 08:00:06','2021-09-01 08:00:06'),(112,'18','化学・石油・ガラス・セラミック・セメント(メーカー)','2021-09-01 08:00:06','2021-09-01 08:00:06'),(113,'18','鉄鋼・金属(メーカー)','2021-09-01 08:00:06','2021-09-01 08:00:06'),(114,'18','住宅・建材・エクステリア(メーカー)','2021-09-01 08:00:06','2021-09-01 08:00:06'),(115,'18','繊維・服飾雑貨・皮革製品(メーカー)','2021-09-01 08:00:06','2021-09-01 08:00:06'),(116,'18','医薬品・化粧品・バイオ(メーカー)','2021-09-01 08:00:06','2021-09-01 08:00:06'),(117,'18','食料品(メーカー)','2021-09-01 08:00:06','2021-09-01 08:00:06'),(118,'18','紙・パルプ(メーカー)','2021-09-01 08:00:06','2021-09-01 08:00:06'),(119,'18','ファッション・アパレル・アクセサリー(メーカー)','2021-09-01 08:00:06','2021-09-01 08:00:06'),(120,'18','インテリア(メーカー)','2021-09-01 08:00:06','2021-09-01 08:00:06'),(121,'18','その他メーカー(その他)','2021-09-01 08:00:06','2021-09-01 08:00:06'),(122,'19','コンピュータ・通信機器・OA機器関連(商社)','2021-09-01 08:00:06','2021-09-01 08:00:06'),(123,'19','半導体・電子・電気部品(商社)','2021-09-01 08:00:06','2021-09-01 08:00:06'),(124,'19','家電・AV機器・ゲーム機器(商社)','2021-09-01 08:00:06','2021-09-01 08:00:06'),(125,'19','精密機器・計測機器(商社)','2021-09-01 08:00:06','2021-09-01 08:00:06'),(126,'19','重電・産業用電気機器(商社)','2021-09-01 08:00:06','2021-09-01 08:00:06'),(127,'19','機械関連(商社)','2021-09-01 08:00:06','2021-09-01 08:00:06'),(128,'19','自動車・輸送機器(商社)','2021-09-01 08:00:06','2021-09-01 08:00:06'),(129,'19','医療機器(商社)','2021-09-01 08:00:06','2021-09-01 08:00:06'),(130,'19','その他商社(電気・電子・機械系)','2021-09-01 08:00:06','2021-09-01 08:00:06'),(131,'20','総合商社','2021-09-01 08:00:06','2021-09-01 08:00:06'),(132,'20','化学・石油・ガラス・セラミック・セメント(商社)','2021-09-01 08:00:06','2021-09-01 08:00:06'),(133,'20','鉄鋼・金属(商社)','2021-09-01 08:00:06','2021-09-01 08:00:06'),(134,'20','住宅・建材・エクステリア(商社)','2021-09-01 08:00:06','2021-09-01 08:00:06'),(135,'20','繊維・服飾雑貨・皮革製品(商社)','2021-09-01 08:00:06','2021-09-01 08:00:06'),(136,'20','医薬品・化粧品・バイオ(商社)','2021-09-01 08:00:06','2021-09-01 08:00:06'),(137,'20','食料品(商社)','2021-09-01 08:00:06','2021-09-01 08:00:06'),(138,'20','紙・パルプ(商社)','2021-09-01 08:00:06','2021-09-01 08:00:06'),(139,'20','ファッション・アパレル・アクセサリー(商社)','2021-09-01 08:00:06','2021-09-01 08:00:06'),(140,'20','インテリア(商社)','2021-09-01 08:00:06','2021-09-01 08:00:06'),(141,'20','その他商社(その他)','2021-09-01 08:00:06','2021-09-01 08:00:06'),(142,'21','自動車(ディーラー)','2021-09-01 08:00:06','2021-09-01 08:00:06'),(143,'21','ファッション・アパレル・アクセサリー(小売)','2021-09-01 08:00:06','2021-09-01 08:00:06'),(144,'21','スポーツ用品(商社・小売)','2021-09-01 08:00:06','2021-09-01 08:00:06'),(145,'21','呉服・寝装品(商社・小売)','2021-09-01 08:00:06','2021-09-01 08:00:06'),(146,'21','スーパー・CVS・生協','2021-09-01 08:00:06','2021-09-01 08:00:06'),(147,'21','カメラ・メガネ・電気・OA(小売)','2021-09-01 08:00:06','2021-09-01 08:00:06'),(148,'21','百貨店','2021-09-01 08:00:06','2021-09-01 08:00:06'),(149,'21','音楽・書籍(小売)','2021-09-01 08:00:06','2021-09-01 08:00:06'),(150,'21','化粧品・医薬品(小売)','2021-09-01 08:00:06','2021-09-01 08:00:06'),(151,'21','ホームセンター・DIY','2021-09-01 08:00:06','2021-09-01 08:00:06'),(152,'21','石油製品(小売)','2021-09-01 08:00:06','2021-09-01 08:00:06'),(153,'21','運輸・倉庫','2021-09-01 08:00:06','2021-09-01 08:00:06'),(154,'21','その他流通・小売','2021-09-01 08:00:06','2021-09-01 08:00:06'),(155,'22','職業紹介・人材派遣','2021-09-01 08:00:06','2021-09-01 08:00:06'),(156,'22','ホテル・旅行','2021-09-01 08:00:06','2021-09-01 08:00:06'),(157,'22','レジャー・アミューズメント・スポーツ施設','2021-09-01 08:00:06','2021-09-01 08:00:06'),(158,'22','フードサービス・飲食','2021-09-01 08:00:06','2021-09-01 08:00:06'),(159,'22','警備・メンテナンス・清掃','2021-09-01 08:00:06','2021-09-01 08:00:06'),(160,'22','理容・美容・エステティック','2021-09-01 08:00:06','2021-09-01 08:00:06'),(161,'22','医療・福祉関連','2021-09-01 08:00:06','2021-09-01 08:00:06'),(162,'22','冠婚葬祭業','2021-09-01 08:00:06','2021-09-01 08:00:06'),(163,'22','その他サービス','2021-09-01 08:00:07','2021-09-01 08:00:07'),(164,'23','ビジネスコンサルタント・シンクタンク・コンサルティングファーム','2021-09-01 08:00:07','2021-09-01 08:00:07'),(165,'23','その他専門コンサル','2021-09-01 08:00:07','2021-09-01 08:00:07'),(166,'24','ゲーム','2021-09-01 08:00:07','2021-09-01 08:00:07'),(167,'24','放送・出版・映像・音響','2021-09-01 08:00:07','2021-09-01 08:00:07'),(168,'24','広告・デザイン・イベント','2021-09-01 08:00:07','2021-09-01 08:00:07'),(169,'24','印刷','2021-09-01 08:00:07','2021-09-01 08:00:07'),(170,'24','その他マスコミ系','2021-09-01 08:00:07','2021-09-01 08:00:07'),(171,'25','銀行','2021-09-01 08:00:07','2021-09-01 08:00:07'),(172,'25','信託銀行','2021-09-01 08:00:07','2021-09-01 08:00:07'),(173,'25','労働・信用金庫・信用組合','2021-09-01 08:00:07','2021-09-01 08:00:07'),(174,'25','証券・投資銀行','2021-09-01 08:00:07','2021-09-01 08:00:07'),(175,'25','投資信託・投資顧問','2021-09-01 08:00:07','2021-09-01 08:00:07'),(176,'25','生命保険','2021-09-01 08:00:07','2021-09-01 08:00:07'),(177,'25','損害保険','2021-09-01 08:00:07','2021-09-01 08:00:07'),(178,'25','クレジット・信販','2021-09-01 08:00:07','2021-09-01 08:00:07'),(179,'25','リース・レンタル','2021-09-01 08:00:07','2021-09-01 08:00:07'),(180,'25','商品取引','2021-09-01 08:00:07','2021-09-01 08:00:07'),(181,'25','消費者金融','2021-09-01 08:00:07','2021-09-01 08:00:07'),(182,'25','政府系金融機関','2021-09-01 08:00:07','2021-09-01 08:00:07'),(183,'25','その他金融','2021-09-01 08:00:07','2021-09-01 08:00:07'),(184,'26','建築・土木・設計','2021-09-01 08:00:07','2021-09-01 08:00:07'),(185,'26','不動産','2021-09-01 08:00:07','2021-09-01 08:00:07'),(186,'26','プラント・設備関連','2021-09-01 08:00:07','2021-09-01 08:00:07'),(187,'26','その他不動産・建設系','2021-09-01 08:00:07','2021-09-01 08:00:07'),(188,'27','教育','2021-09-01 08:00:07','2021-09-01 08:00:07'),(189,'27','電力・ガス・水道・エネルギー関連','2021-09-01 08:00:07','2021-09-01 08:00:07'),(190,'27','団体・連合会・官公庁・独立行政法人','2021-09-01 08:00:07','2021-09-01 08:00:07'),(191,'27','農林水産・鉱業','2021-09-01 08:00:07','2021-09-01 08:00:07'),(192,'27','その他業種','2021-09-01 08:00:07','2021-09-01 08:00:07'),(193,'28','ソフトウェア・情報処理','2021-09-01 08:01:32','2021-09-01 08:01:32'),(194,'28','通信','2021-09-01 08:01:32','2021-09-01 08:01:32'),(195,'28','インターネット関連','2021-09-01 08:01:32','2021-09-01 08:01:32'),(196,'28','その他IT・通信系','2021-09-01 08:01:32','2021-09-01 08:01:32'),(197,'29','総合電機(メーカー)','2021-09-01 08:01:32','2021-09-01 08:01:32'),(198,'29','コンピュータ・通信機器・OA機器関連(メーカー)','2021-09-01 08:01:32','2021-09-01 08:01:32'),(199,'29','半導体・電子・電気部品(メーカー)','2021-09-01 08:01:32','2021-09-01 08:01:32'),(200,'29','家電・AV機器・ゲーム機器(メーカー)','2021-09-01 08:01:32','2021-09-01 08:01:32'),(201,'29','精密機器・計測機器(メーカー)','2021-09-01 08:01:32','2021-09-01 08:01:32'),(202,'29','重電・産業用電気機器(メーカー)','2021-09-01 08:01:32','2021-09-01 08:01:32'),(203,'29','機械関連(メーカー)','2021-09-01 08:01:32','2021-09-01 08:01:32'),(204,'29','自動車・輸送機器(メーカー)','2021-09-01 08:01:32','2021-09-01 08:01:32'),(205,'29','医療機器(メーカー)','2021-09-01 08:01:32','2021-09-01 08:01:32'),(206,'29','プラント・設備(メーカー)','2021-09-01 08:01:32','2021-09-01 08:01:32'),(207,'29','その他メーカー(電気・電子・機械系)','2021-09-01 08:01:32','2021-09-01 08:01:32'),(208,'30','化学・石油・ガラス・セラミック・セメント(メーカー)','2021-09-01 08:01:32','2021-09-01 08:01:32'),(209,'30','鉄鋼・金属(メーカー)','2021-09-01 08:01:32','2021-09-01 08:01:32'),(210,'30','住宅・建材・エクステリア(メーカー)','2021-09-01 08:01:32','2021-09-01 08:01:32'),(211,'30','繊維・服飾雑貨・皮革製品(メーカー)','2021-09-01 08:01:32','2021-09-01 08:01:32'),(212,'30','医薬品・化粧品・バイオ(メーカー)','2021-09-01 08:01:32','2021-09-01 08:01:32'),(213,'30','食料品(メーカー)','2021-09-01 08:01:32','2021-09-01 08:01:32'),(214,'30','紙・パルプ(メーカー)','2021-09-01 08:01:32','2021-09-01 08:01:32'),(215,'30','ファッション・アパレル・アクセサリー(メーカー)','2021-09-01 08:01:32','2021-09-01 08:01:32'),(216,'30','インテリア(メーカー)','2021-09-01 08:01:32','2021-09-01 08:01:32'),(217,'30','その他メーカー(その他)','2021-09-01 08:01:32','2021-09-01 08:01:32'),(218,'31','コンピュータ・通信機器・OA機器関連(商社)','2021-09-01 08:01:32','2021-09-01 08:01:32'),(219,'31','半導体・電子・電気部品(商社)','2021-09-01 08:01:32','2021-09-01 08:01:32'),(220,'31','家電・AV機器・ゲーム機器(商社)','2021-09-01 08:01:32','2021-09-01 08:01:32'),(221,'31','精密機器・計測機器(商社)','2021-09-01 08:01:32','2021-09-01 08:01:32'),(222,'31','重電・産業用電気機器(商社)','2021-09-01 08:01:32','2021-09-01 08:01:32'),(223,'31','機械関連(商社)','2021-09-01 08:01:32','2021-09-01 08:01:32'),(224,'31','自動車・輸送機器(商社)','2021-09-01 08:01:32','2021-09-01 08:01:32'),(225,'31','医療機器(商社)','2021-09-01 08:01:32','2021-09-01 08:01:32'),(226,'31','その他商社(電気・電子・機械系)','2021-09-01 08:01:32','2021-09-01 08:01:32'),(227,'32','総合商社','2021-09-01 08:01:32','2021-09-01 08:01:32'),(228,'32','化学・石油・ガラス・セラミック・セメント(商社)','2021-09-01 08:01:32','2021-09-01 08:01:32'),(229,'32','鉄鋼・金属(商社)','2021-09-01 08:01:32','2021-09-01 08:01:32'),(230,'32','住宅・建材・エクステリア(商社)','2021-09-01 08:01:32','2021-09-01 08:01:32'),(231,'32','繊維・服飾雑貨・皮革製品(商社)','2021-09-01 08:01:32','2021-09-01 08:01:32'),(232,'32','医薬品・化粧品・バイオ(商社)','2021-09-01 08:01:32','2021-09-01 08:01:32'),(233,'32','食料品(商社)','2021-09-01 08:01:32','2021-09-01 08:01:32'),(234,'32','紙・パルプ(商社)','2021-09-01 08:01:32','2021-09-01 08:01:32'),(235,'32','ファッション・アパレル・アクセサリー(商社)','2021-09-01 08:01:32','2021-09-01 08:01:32'),(236,'32','インテリア(商社)','2021-09-01 08:01:32','2021-09-01 08:01:32'),(237,'32','その他商社(その他)','2021-09-01 08:01:32','2021-09-01 08:01:32'),(238,'33','自動車(ディーラー)','2021-09-01 08:01:32','2021-09-01 08:01:32'),(239,'33','ファッション・アパレル・アクセサリー(小売)','2021-09-01 08:01:32','2021-09-01 08:01:32'),(240,'33','スポーツ用品(商社・小売)','2021-09-01 08:01:32','2021-09-01 08:01:32'),(241,'33','呉服・寝装品(商社・小売)','2021-09-01 08:01:32','2021-09-01 08:01:32'),(242,'33','スーパー・CVS・生協','2021-09-01 08:01:32','2021-09-01 08:01:32'),(243,'33','カメラ・メガネ・電気・OA(小売)','2021-09-01 08:01:32','2021-09-01 08:01:32'),(244,'33','百貨店','2021-09-01 08:01:32','2021-09-01 08:01:32'),(245,'33','音楽・書籍(小売)','2021-09-01 08:01:32','2021-09-01 08:01:32'),(246,'33','化粧品・医薬品(小売)','2021-09-01 08:01:32','2021-09-01 08:01:32'),(247,'33','ホームセンター・DIY','2021-09-01 08:01:32','2021-09-01 08:01:32'),(248,'33','石油製品(小売)','2021-09-01 08:01:32','2021-09-01 08:01:32'),(249,'33','運輸・倉庫','2021-09-01 08:01:32','2021-09-01 08:01:32'),(250,'33','その他流通・小売','2021-09-01 08:01:32','2021-09-01 08:01:32'),(251,'34','職業紹介・人材派遣','2021-09-01 08:01:32','2021-09-01 08:01:32'),(252,'34','ホテル・旅行','2021-09-01 08:01:32','2021-09-01 08:01:32'),(253,'34','レジャー・アミューズメント・スポーツ施設','2021-09-01 08:01:32','2021-09-01 08:01:32'),(254,'34','フードサービス・飲食','2021-09-01 08:01:32','2021-09-01 08:01:32'),(255,'34','警備・メンテナンス・清掃','2021-09-01 08:01:32','2021-09-01 08:01:32'),(256,'34','理容・美容・エステティック','2021-09-01 08:01:32','2021-09-01 08:01:32'),(257,'34','医療・福祉関連','2021-09-01 08:01:32','2021-09-01 08:01:32'),(258,'34','冠婚葬祭業','2021-09-01 08:01:32','2021-09-01 08:01:32'),(259,'34','その他サービス','2021-09-01 08:01:32','2021-09-01 08:01:32'),(260,'35','ビジネスコンサルタント・シンクタンク・コンサルティングファーム','2021-09-01 08:01:32','2021-09-01 08:01:32'),(261,'35','その他専門コンサル','2021-09-01 08:01:32','2021-09-01 08:01:32'),(262,'36','ゲーム','2021-09-01 08:01:32','2021-09-01 08:01:32'),(263,'36','放送・出版・映像・音響','2021-09-01 08:01:32','2021-09-01 08:01:32'),(264,'36','広告・デザイン・イベント','2021-09-01 08:01:32','2021-09-01 08:01:32'),(265,'36','印刷','2021-09-01 08:01:32','2021-09-01 08:01:32'),(266,'36','その他マスコミ系','2021-09-01 08:01:32','2021-09-01 08:01:32'),(267,'37','銀行','2021-09-01 08:01:32','2021-09-01 08:01:32'),(268,'37','信託銀行','2021-09-01 08:01:32','2021-09-01 08:01:32'),(269,'37','労働・信用金庫・信用組合','2021-09-01 08:01:32','2021-09-01 08:01:32'),(270,'37','証券・投資銀行','2021-09-01 08:01:32','2021-09-01 08:01:32'),(271,'37','投資信託・投資顧問','2021-09-01 08:01:32','2021-09-01 08:01:32'),(272,'37','生命保険','2021-09-01 08:01:32','2021-09-01 08:01:32'),(273,'37','損害保険','2021-09-01 08:01:32','2021-09-01 08:01:32'),(274,'37','クレジット・信販','2021-09-01 08:01:32','2021-09-01 08:01:32'),(275,'37','リース・レンタル','2021-09-01 08:01:32','2021-09-01 08:01:32'),(276,'37','商品取引','2021-09-01 08:01:32','2021-09-01 08:01:32'),(277,'37','消費者金融','2021-09-01 08:01:32','2021-09-01 08:01:32'),(278,'37','政府系金融機関','2021-09-01 08:01:32','2021-09-01 08:01:32'),(279,'37','その他金融','2021-09-01 08:01:32','2021-09-01 08:01:32'),(280,'38','建築・土木・設計','2021-09-01 08:01:32','2021-09-01 08:01:32'),(281,'38','不動産','2021-09-01 08:01:32','2021-09-01 08:01:32'),(282,'38','プラント・設備関連','2021-09-01 08:01:32','2021-09-01 08:01:32'),(283,'38','その他不動産・建設系','2021-09-01 08:01:32','2021-09-01 08:01:32'),(284,'39','教育','2021-09-01 08:01:32','2021-09-01 08:01:32'),(285,'39','電力・ガス・水道・エネルギー関連','2021-09-01 08:01:32','2021-09-01 08:01:32'),(286,'39','団体・連合会・官公庁・独立行政法人','2021-09-01 08:01:32','2021-09-01 08:01:32'),(287,'39','農林水産・鉱業','2021-09-01 08:01:32','2021-09-01 08:01:32'),(288,'39','その他業種','2021-09-01 08:01:32','2021-09-01 08:01:32');
/*!40000 ALTER TABLE `company_categories` ENABLE KEYS */;
UNLOCK TABLES;

--
-- Table structure for table `company_types`
--

DROP TABLE IF EXISTS `company_types`;
/*!40101 SET @saved_cs_client     = @@character_set_client */;
/*!40101 SET character_set_client = utf8 */;
CREATE TABLE `company_types` (
  `id` int(11) NOT NULL AUTO_INCREMENT,
  `name` varchar(255) NOT NULL,
  `created_at` timestamp NULL DEFAULT NULL,
  `updated_at` timestamp NULL DEFAULT NULL,
  PRIMARY KEY (`id`)
) ENGINE=InnoDB AUTO_INCREMENT=55 DEFAULT CHARSET=utf8mb4;
/*!40101 SET character_set_client = @saved_cs_client */;

--
-- Dumping data for table `company_types`
--

LOCK TABLES `company_types` WRITE;
/*!40000 ALTER TABLE `company_types` DISABLE KEYS */;
INSERT INTO `company_types` VALUES (40,'電気設備','2021-09-07 07:44:45','2021-09-07 07:44:45'),(41,'空調・衛生','2021-09-07 07:44:45','2021-09-07 07:44:45'),(42,'電気・電子（開発／回路・実装設計／制御設計／生産・品質管理など）','2021-09-07 07:44:45','2021-09-07 07:44:45'),(43,' 計画・監督（ゼネコン・住宅メーカー・不動産・設計）','2021-09-07 07:44:45','2021-09-07 07:44:45'),(44,'建設機械・仮設資材','2021-09-07 07:44:45','2021-09-07 07:44:45'),(45,'土木・内装','2021-09-07 07:44:45','2021-09-07 07:44:45'),(46,'機械（設計／研究・開発／オペレーターなど）','2021-09-07 07:44:45','2021-09-07 07:44:45'),(47,'半導体','2021-09-07 07:44:45','2021-09-07 07:44:45'),(48,'IT・インターネット','2021-09-07 07:44:45','2021-09-07 07:44:45'),(49,'商社','2021-09-07 07:44:45','2021-09-07 07:44:45'),(50,'流通・小売','2021-09-07 07:44:45','2021-09-07 07:44:45'),(51,'物流・倉庫','2021-09-07 07:44:45','2021-09-07 07:44:45'),(52,'サービス（ホテル・旅館／不動産／飲食／航空など）','2021-09-07 07:44:45','2021-09-07 07:44:45'),(53,'広告・出版','2021-09-07 07:44:45','2021-09-07 07:44:45'),(54,'その他','2021-09-07 07:44:45','2021-09-07 07:44:45');
/*!40000 ALTER TABLE `company_types` ENABLE KEYS */;
UNLOCK TABLES;

--
-- Table structure for table `failed_jobs`
--

DROP TABLE IF EXISTS `failed_jobs`;
/*!40101 SET @saved_cs_client     = @@character_set_client */;
/*!40101 SET character_set_client = utf8 */;
CREATE TABLE `failed_jobs` (
  `id` bigint(20) unsigned NOT NULL AUTO_INCREMENT,
  `uuid` varchar(191) COLLATE utf8mb4_unicode_ci NOT NULL,
  `connection` text COLLATE utf8mb4_unicode_ci NOT NULL,
  `queue` text COLLATE utf8mb4_unicode_ci NOT NULL,
  `payload` longtext COLLATE utf8mb4_unicode_ci NOT NULL,
  `exception` longtext COLLATE utf8mb4_unicode_ci NOT NULL,
  `failed_at` timestamp NOT NULL DEFAULT CURRENT_TIMESTAMP,
  PRIMARY KEY (`id`),
  UNIQUE KEY `failed_jobs_uuid_unique` (`uuid`)
) ENGINE=InnoDB DEFAULT CHARSET=utf8mb4 COLLATE=utf8mb4_unicode_ci;
/*!40101 SET character_set_client = @saved_cs_client */;

--
-- Dumping data for table `failed_jobs`
--

LOCK TABLES `failed_jobs` WRITE;
/*!40000 ALTER TABLE `failed_jobs` DISABLE KEYS */;
/*!40000 ALTER TABLE `failed_jobs` ENABLE KEYS */;
UNLOCK TABLES;

--
-- Table structure for table `migrations`
--

DROP TABLE IF EXISTS `migrations`;
/*!40101 SET @saved_cs_client     = @@character_set_client */;
/*!40101 SET character_set_client = utf8 */;
CREATE TABLE `migrations` (
  `id` int(10) unsigned NOT NULL AUTO_INCREMENT,
  `migration` varchar(191) COLLATE utf8mb4_unicode_ci NOT NULL,
  `batch` int(11) NOT NULL,
  PRIMARY KEY (`id`)
) ENGINE=InnoDB AUTO_INCREMENT=60 DEFAULT CHARSET=utf8mb4 COLLATE=utf8mb4_unicode_ci;
/*!40101 SET character_set_client = @saved_cs_client */;

--
-- Dumping data for table `migrations`
--

LOCK TABLES `migrations` WRITE;
/*!40000 ALTER TABLE `migrations` DISABLE KEYS */;
INSERT INTO `migrations` VALUES (43,'2014_10_12_000000_create_users_table',1),(44,'2014_10_12_100000_create_password_resets_table',1),(45,'2016_06_01_000001_create_oauth_auth_codes_table',1),(46,'2016_06_01_000002_create_oauth_access_tokens_table',1),(47,'2016_06_01_000003_create_oauth_refresh_tokens_table',1),(48,'2016_06_01_000004_create_oauth_clients_table',1),(49,'2016_06_01_000005_create_oauth_personal_access_clients_table',1),(50,'2019_08_19_000000_create_failed_jobs_table',1),(51,'2020_10_17_154400_create_candidates_table',1),(52,'2020_10_17_155910_create_candidate_languages_table',1),(53,'2020_10_17_160133_create_candidate_achievements_table',1),(54,'2020_10_17_160244_create_candidate_software_skill_table',1),(55,'2020_10_17_160640_create_candidate_education_histories_table',1),(56,'2020_10_17_160719_create_candidate_working_histories_table',1),(57,'2020_11_06_150154_create_company_types_table',1),(58,'2020_11_06_150331_create_company_categories_table',1),(59,'2020_11_14_112745_add_remark_candidates_table',2);
/*!40000 ALTER TABLE `migrations` ENABLE KEYS */;
UNLOCK TABLES;

--
-- Table structure for table `oauth_access_tokens`
--

DROP TABLE IF EXISTS `oauth_access_tokens`;
/*!40101 SET @saved_cs_client     = @@character_set_client */;
/*!40101 SET character_set_client = utf8 */;
CREATE TABLE `oauth_access_tokens` (
  `id` varchar(100) COLLATE utf8mb4_unicode_ci NOT NULL,
  `user_id` bigint(20) unsigned DEFAULT NULL,
  `client_id` char(36) COLLATE utf8mb4_unicode_ci NOT NULL,
  `name` varchar(191) COLLATE utf8mb4_unicode_ci DEFAULT NULL,
  `scopes` text COLLATE utf8mb4_unicode_ci,
  `revoked` tinyint(1) NOT NULL,
  `created_at` timestamp NULL DEFAULT NULL,
  `updated_at` timestamp NULL DEFAULT NULL,
  `expires_at` datetime DEFAULT NULL,
  PRIMARY KEY (`id`),
  KEY `oauth_access_tokens_user_id_index` (`user_id`)
) ENGINE=InnoDB DEFAULT CHARSET=utf8mb4 COLLATE=utf8mb4_unicode_ci;
/*!40101 SET character_set_client = @saved_cs_client */;

--
-- Dumping data for table `oauth_access_tokens`
--

LOCK TABLES `oauth_access_tokens` WRITE;
/*!40000 ALTER TABLE `oauth_access_tokens` DISABLE KEYS */;
INSERT INTO `oauth_access_tokens` VALUES ('01414fc96893de211dc77f6cbd455b16c25431c5c1231b3b1295336d46f27c4451976fde0462e283',1,'91f32aa6-b5be-429a-8b3d-d8cb2ecfa570','Personal Access Token','[]',0,'2020-11-28 02:20:44','2020-11-28 02:20:44','2021-05-28 02:20:44'),('0206f0cdc01c2b4a68bee6bca5cc6c926854abe26d62d26942c76bcbe434186bf4f74bffc2e17e4f',1,'91f32aa6-b5be-429a-8b3d-d8cb2ecfa570','Personal Access Token','[]',0,'2020-11-17 07:08:02','2020-11-17 07:08:02','2021-05-17 07:08:01'),('0263f9f8348e87357b85bd9b535869f1c3b1be25e6d88814d08c6e7a9ae8c0786027c9446c88fbc9',1,'91f32aa6-b5be-429a-8b3d-d8cb2ecfa570','Personal Access Token','[]',0,'2021-04-11 07:54:19','2021-04-11 07:54:19','2021-10-11 07:54:19'),('03af4f16f614a7d2b30f337a01d9dd69622bf2cf4b2d9cc9a7392b8a43af88e8832a3d1a64fec2e7',1,'91f32aa6-b5be-429a-8b3d-d8cb2ecfa570','Personal Access Token','[]',0,'2021-08-17 10:22:14','2021-08-17 10:22:14','2022-02-17 10:22:13'),('041385c3202e55c66a9ca5ee494f0eb2cb85c1ff6bd3853f8eb39261af946822013f23dddab20721',1,'91f32aa6-b5be-429a-8b3d-d8cb2ecfa570','Personal Access Token','[]',0,'2021-05-12 04:41:28','2021-05-12 04:41:28','2021-11-12 04:41:28'),('0443af52bb04f893f33782d74d6106e3976c324d6a7dd98c49fa397a29d42a208c4cf1c9bba93d11',1,'91f32aa6-b5be-429a-8b3d-d8cb2ecfa570','Personal Access Token','[]',0,'2021-08-02 01:48:07','2021-08-02 01:48:07','2022-02-02 01:48:07'),('054cff85aa0912b35154501579c01553b0e9428d43ed18b15bd66bbad246de14f510bff2e217baf9',1,'91f32aa6-b5be-429a-8b3d-d8cb2ecfa570','Personal Access Token','[]',0,'2020-11-14 05:36:24','2020-11-14 05:36:24','2021-05-14 05:36:24'),('065d1224a431c2e7d245f955bf78f3c8a8e86cad8af0883ad80160f604063596fde898de06bc2eba',1,'91f32aa6-b5be-429a-8b3d-d8cb2ecfa570','Personal Access Token','[]',0,'2020-11-14 05:18:07','2020-11-14 05:18:07','2021-05-14 05:18:07'),('07163d1585ba88aae8a87fd6f1da7dc316b537328ebb106a592c7eaa3d6ada35e3300b711b77b6bf',1,'91f32aa6-b5be-429a-8b3d-d8cb2ecfa570','Personal Access Token','[]',0,'2021-06-02 06:08:54','2021-06-02 06:08:54','2021-12-02 06:08:53'),('07e90ec6e26db3fcb9d1a004dfc5927cef685afcb5c968e0dad7f1944c10442cfc956bfb135a3ced',1,'91f32aa6-b5be-429a-8b3d-d8cb2ecfa570','Personal Access Token','[]',0,'2021-08-18 15:29:50','2021-08-18 15:29:50','2022-02-18 15:29:47'),('08660620a12a7f356747700c6eb10824448b5db0005d2461240ebdcd5e6ee2fe5f2638de4c9a62c2',1,'91f32aa6-b5be-429a-8b3d-d8cb2ecfa570','Personal Access Token','[]',0,'2020-11-27 10:14:23','2020-11-27 10:14:23','2021-05-27 10:14:23'),('08714ea03e1845148551e12d9dca4775b5dc910e45c35560959f2e3378b3ddb41992784dbd0c49a0',1,'91f32aa6-b5be-429a-8b3d-d8cb2ecfa570','Personal Access Token','[]',0,'2021-04-14 14:15:30','2021-04-14 14:15:30','2021-10-14 14:15:30'),('08b3c53d4d698ac817e36554c78575f85c3f72b3da095faa2cd3765067dc52e2f435468283275c3e',1,'91f32aa6-b5be-429a-8b3d-d8cb2ecfa570','Personal Access Token','[]',0,'2021-06-15 13:07:52','2021-06-15 13:07:52','2021-12-15 13:07:51'),('08c52982c82c4f9ce5c5e84da430773fc102a9982946fb98faac4d26fd5fa8bf44b505a2b1c6a2d3',1,'91f32aa6-b5be-429a-8b3d-d8cb2ecfa570','Personal Access Token','[]',0,'2020-11-19 03:02:33','2020-11-19 03:02:33','2021-05-19 03:02:33'),('09b54c12162dfe79dc490f1494a6a63ba777a597dd4e11ef6cc8b25b9b3c6243da698d32c8452e27',1,'91f32aa6-b5be-429a-8b3d-d8cb2ecfa570','Personal Access Token','[]',0,'2021-07-06 12:45:34','2021-07-06 12:45:34','2022-01-06 12:45:34'),('0af0f27dc5f1652c4cbbdb59931ed705d2f68a629e237394f5543c241828fe46f8a0e0b515601484',1,'91f32aa6-b5be-429a-8b3d-d8cb2ecfa570','Personal Access Token','[]',0,'2020-11-09 13:48:16','2020-11-09 13:48:16','2021-05-09 13:48:15'),('0c8b0cbbb33a976826e170cc50a630f34c404307e10367a3c5b048e8fe65826d0b62783297835987',1,'91f32aa6-b5be-429a-8b3d-d8cb2ecfa570','Personal Access Token','[]',0,'2021-06-17 12:40:29','2021-06-17 12:40:29','2021-12-17 12:40:29'),('0d59b8b4e25a5ecaaa80af309a36623fbadd1be8f4804da315c447a06f92accb5066436ecb5634f2',1,'91f32aa6-b5be-429a-8b3d-d8cb2ecfa570','Personal Access Token','[]',0,'2020-11-27 09:51:15','2020-11-27 09:51:15','2021-05-27 09:51:14'),('0db3687281d23b3ee1f62f6ae0af8368d767496eeb12ef7261e9b800e1bc22a6f857cce212258bef',1,'91f32aa6-b5be-429a-8b3d-d8cb2ecfa570','Personal Access Token','[]',0,'2020-11-19 05:43:11','2020-11-19 05:43:11','2021-05-19 05:43:11'),('0df2b77e22eb7b4bee6577eb20fa8b36b48813f1c520cef8102ee5f5e35fe929238f83a27ed28926',1,'91f32aa6-b5be-429a-8b3d-d8cb2ecfa570','Personal Access Token','[]',0,'2021-07-05 15:13:19','2021-07-05 15:13:19','2022-01-05 15:13:18'),('0e055a95d533c7e9816c22c7b8fb06183145f9e42c8646ed98dfa397ffd496a7c2644d6ca119c642',1,'91f32aa6-b5be-429a-8b3d-d8cb2ecfa570','Personal Access Token','[]',0,'2021-08-17 14:03:57','2021-08-17 14:03:57','2022-02-17 14:03:57'),('0f5e658e587ec2ff14cd2ea33dab5ea24e3cdbe385bb6774491ac6bb60a702eae76ec54a80253468',1,'91f32aa6-b5be-429a-8b3d-d8cb2ecfa570','Personal Access Token','[]',0,'2021-05-11 02:21:41','2021-05-11 02:21:41','2021-11-11 02:21:41'),('10143e67ba2bbb6d1d378edbff918099852beb4e3aedcc95c2443b9db9e7b330e8879a4d96a28b63',1,'91f32aa6-b5be-429a-8b3d-d8cb2ecfa570','Personal Access Token','[]',0,'2021-06-15 06:51:10','2021-06-15 06:51:10','2021-12-15 06:51:09'),('1020cd5f23a2fe6c09b216cc06b5a831f5532d049146e786bd9f4a2909c177af7461fbbfcb148546',1,'91f32aa6-b5be-429a-8b3d-d8cb2ecfa570','Personal Access Token','[]',0,'2021-02-02 15:08:06','2021-02-02 15:08:06','2021-08-02 15:08:06'),('1096e8ee3f8b19585c4825ab46f872a55467d8c66b44aad3dc33cb57a6fdd1ab2526123d739cb949',1,'91f32aa6-b5be-429a-8b3d-d8cb2ecfa570','Personal Access Token','[]',0,'2021-08-30 14:47:50','2021-08-30 14:47:50','2022-03-02 14:47:49'),('10ade2de5e4743a911dd142ac568e92361a3ef6ec5f4298d34078286b1bfce4100f789f84c10ff3a',1,'91f32aa6-b5be-429a-8b3d-d8cb2ecfa570','Personal Access Token','[]',0,'2020-11-14 04:49:47','2020-11-14 04:49:47','2021-05-14 04:49:47'),('10c8dea2b50d8d9c97196410d4175a987ae13eacb3c6f0fbdb667d2adf379a7eaa5228d79f2b602e',1,'91f32aa6-b5be-429a-8b3d-d8cb2ecfa570','Personal Access Token','[]',0,'2020-11-27 10:20:59','2020-11-27 10:20:59','2021-05-27 10:20:58'),('10ecf5e0a07d6179463fb6c3d256642e306ec936df79d129fd510a2c89cecf150fca6e7e93e777fa',1,'91f32aa6-b5be-429a-8b3d-d8cb2ecfa570','Personal Access Token','[]',0,'2021-04-09 06:56:47','2021-04-09 06:56:47','2021-10-09 06:56:46'),('116e3299a010ef9efaa44b5481360c2ae502b65ddd5fccf2a2bdb94a367332540a8c94f736099599',1,'91f32aa6-b5be-429a-8b3d-d8cb2ecfa570','Personal Access Token','[]',0,'2020-11-15 01:13:12','2020-11-15 01:13:12','2021-05-15 01:13:12'),('11d0d501f183c0822ef42113704e1e3ce013744fa21aef6d807d4e42a46e307d4b349322b6dda22b',1,'91f32aa6-b5be-429a-8b3d-d8cb2ecfa570','Personal Access Token','[]',0,'2021-04-09 16:15:29','2021-04-09 16:15:29','2021-10-09 16:15:28'),('12298898c144014d217cf43bcb2bb95217b8d911a612ce032a69eb7361f10ca304ff842141831456',1,'91f32aa6-b5be-429a-8b3d-d8cb2ecfa570','Personal Access Token','[]',0,'2020-11-15 02:53:59','2020-11-15 02:53:59','2021-05-15 02:53:59'),('129b18b628213dadada237cf6c364d5c1c935bed716249c2c2d63791de8a48169b4ccb1588aa73b4',1,'91f32aa6-b5be-429a-8b3d-d8cb2ecfa570','Personal Access Token','[]',0,'2020-11-17 16:28:47','2020-11-17 16:28:47','2021-05-17 16:28:47'),('13963e46482af3f7bca49ac2e8cb0ba9ccdd39d9ce4ae37e341fef6090e7821492cbf10c401d5677',1,'91f32aa6-b5be-429a-8b3d-d8cb2ecfa570','Personal Access Token','[]',0,'2021-07-09 07:18:42','2021-07-09 07:18:42','2022-01-09 07:18:41'),('13b2e528b3aab0502e4086154b6aa13711f26ee60174acc7ae58544e998862bd321b0bbdb19be769',1,'91f32aa6-b5be-429a-8b3d-d8cb2ecfa570','Personal Access Token','[]',0,'2021-06-16 13:58:51','2021-06-16 13:58:51','2021-12-16 13:58:50'),('14612f91484dd29de0fa90c3b184c0143a4fce66f6892c8cb331cb9ef841fe7306d2bc0a45740566',1,'91f32aa6-b5be-429a-8b3d-d8cb2ecfa570','Personal Access Token','[]',0,'2021-06-25 03:54:09','2021-06-25 03:54:09','2021-12-25 03:54:09'),('15d899efa0b0ac84e512002a4d0bf0f31891eda3b219f5999ea1038497af9d85950a8fd244eb236e',1,'91f32aa6-b5be-429a-8b3d-d8cb2ecfa570','Personal Access Token','[]',0,'2020-11-12 14:06:37','2020-11-12 14:06:37','2021-05-12 14:06:36'),('162c9b99c5c754157140f451212f30981f979ef15d46e1171e3e3d9c4ff56956c98bb5c318b333ba',1,'91f32aa6-b5be-429a-8b3d-d8cb2ecfa570','Personal Access Token','[]',0,'2021-04-07 08:33:14','2021-04-07 08:33:14','2021-10-07 08:33:14'),('1693579bc22c83e4d1ff5a084bfb1551c79a27c0610884342d2d6524deacee32dd5de190deb7484a',1,'91f32aa6-b5be-429a-8b3d-d8cb2ecfa570','Personal Access Token','[]',0,'2021-08-28 01:59:11','2021-08-28 01:59:11','2022-02-28 01:59:10'),('16d4eaf3c8899c7ea83b7816eed294794effc30fa8a367055dbff71e604e84960750725c08096e30',1,'91f32aa6-b5be-429a-8b3d-d8cb2ecfa570','Personal Access Token','[]',0,'2021-06-16 07:33:00','2021-06-16 07:33:00','2021-12-16 07:33:00'),('17d425fee318bf49ba4f8b610c2185de3732911f15cc036c07fc8bc4bf584a72e5a6477a77e159ed',1,'91f32aa6-b5be-429a-8b3d-d8cb2ecfa570','Personal Access Token','[]',0,'2021-08-17 09:44:59','2021-08-17 09:44:59','2022-02-17 09:44:59'),('1968003cd5f824e7e938aca8205e25ec74a0606482d5c56b837e758ad532ea3a7ac2ebef4b0969ad',1,'91f32aa6-b5be-429a-8b3d-d8cb2ecfa570','Personal Access Token','[]',0,'2020-11-15 14:13:58','2020-11-15 14:13:58','2021-05-15 14:13:57'),('1b833eeb9e5829abe32331849a90e6b11392d9a90c7a190ffca7e2f223fee344704a44f13da6aabb',1,'91f32aa6-b5be-429a-8b3d-d8cb2ecfa570','Personal Access Token','[]',0,'2020-11-13 07:09:14','2020-11-13 07:09:14','2021-05-13 07:09:14'),('1c4c3e0c50ae0cb44c422003610b7ff20852fc84a4910e45cbbf8f530d0aa65c81cabe4038c1e9f1',1,'91f32aa6-b5be-429a-8b3d-d8cb2ecfa570','Personal Access Token','[]',0,'2021-07-07 13:01:40','2021-07-07 13:01:40','2022-01-07 13:01:39'),('1d0b75b49c2d2355118502fca29bc10a5f80c9d1ed68b73956812687660162b23fcf8bc8864f074e',1,'91f32aa6-b5be-429a-8b3d-d8cb2ecfa570','Personal Access Token','[]',0,'2021-05-10 16:24:11','2021-05-10 16:24:11','2021-11-10 16:24:10'),('1d56816d7035335ffcbf123925df3732e1eef18f70b6a49a25add55871e527f8d4f1363b2e2a1fd8',1,'91f32aa6-b5be-429a-8b3d-d8cb2ecfa570','Personal Access Token','[]',0,'2021-06-17 10:00:41','2021-06-17 10:00:41','2021-12-17 10:00:40'),('1d7451af270c751ae1835994d2cba78931d5765a5af4a284f37892c555d0f8e63d38f0d1284eec0b',1,'91f32aa6-b5be-429a-8b3d-d8cb2ecfa570','Personal Access Token','[]',0,'2021-07-16 01:48:45','2021-07-16 01:48:45','2022-01-16 01:48:45'),('1d9a4b4831f6fc9ea82265fcb89e9bc35c84e196f57888fef3ec6bae0ad892ed6c5fca9d237b6c4d',1,'91f32aa6-b5be-429a-8b3d-d8cb2ecfa570','Personal Access Token','[]',0,'2020-11-19 03:03:08','2020-11-19 03:03:08','2021-05-19 03:03:08'),('1dce99dadc866b5d5b0208fa6127ac03ce7586f23a39044ee138001dc236c81568a2cb5fc5a3945d',1,'91f32aa6-b5be-429a-8b3d-d8cb2ecfa570','Personal Access Token','[]',0,'2020-11-27 01:52:56','2020-11-27 01:52:56','2021-05-27 01:52:56'),('1f4751cc64c7ded551ea6d26a522a2b57f8f385834f77023b8119892bd944d5b407aba7a24e00759',1,'91f32aa6-b5be-429a-8b3d-d8cb2ecfa570','Personal Access Token','[]',0,'2021-09-01 07:30:53','2021-09-01 07:30:53','2022-03-01 07:30:53'),('1fa51a2a66ec6b9b6bf2dd3adcb6179f409174926e941a166e83cc186714b4036dac9bbaa96409ec',1,'91f32aa6-b5be-429a-8b3d-d8cb2ecfa570','Personal Access Token','[]',0,'2021-04-09 16:19:03','2021-04-09 16:19:03','2021-10-09 16:19:03'),('20dbe1023130f53d77769e5dba73cb7f7cbed072ed58320c3d3bb4a0fedaf3e95b3bf89f1b0c0536',1,'91f32aa6-b5be-429a-8b3d-d8cb2ecfa570','Personal Access Token','[]',0,'2021-07-05 09:58:44','2021-07-05 09:58:44','2022-01-05 09:58:44'),('222d87872262694cb08e8eb69edb7663032e34454a8daa5f0e89efd1e8a69fc9acc2c6ecbe0d145c',1,'91f32aa6-b5be-429a-8b3d-d8cb2ecfa570','Personal Access Token','[]',0,'2021-08-31 14:23:49','2021-08-31 14:23:49','2022-03-03 14:23:49'),('22cf019188d97f699854e5a89695116151f10fa4905466c0ad9d7db98d5828444e96d37e1b40ccc6',1,'91f32aa6-b5be-429a-8b3d-d8cb2ecfa570','Personal Access Token','[]',0,'2020-11-12 14:00:55','2020-11-12 14:00:55','2021-05-12 14:00:55'),('22d791c9bfe0551bce1f104452e25d284fb65a5d844ad0c2eef058d1eb59fa194b4efe49859979ce',1,'91f32aa6-b5be-429a-8b3d-d8cb2ecfa570','Personal Access Token','[]',0,'2021-06-18 04:32:37','2021-06-18 04:32:37','2021-12-18 04:32:36'),('231505aa5dd4321b80b719798dec5a9a5f38567c1433f6cea9f870b5deb8a305757d5e4cf5960c04',1,'91f32aa6-b5be-429a-8b3d-d8cb2ecfa570','Personal Access Token','[]',0,'2021-06-20 03:47:03','2021-06-20 03:47:03','2021-12-20 03:47:03'),('2329604597e2477d13054ce61ed18c4671a623f4e5fbb02169cb2652fa6aa106f280616e14295e33',1,'91f32aa6-b5be-429a-8b3d-d8cb2ecfa570','Personal Access Token','[]',0,'2020-11-20 02:42:15','2020-11-20 02:42:15','2021-05-20 02:42:15'),('241189166ca8f7d4791e009b2f949c1eecf0b7b0fa87337c54cb837dd84ecf00b49486e0d7cb69f9',1,'91f32aa6-b5be-429a-8b3d-d8cb2ecfa570','Personal Access Token','[]',0,'2021-06-15 14:03:31','2021-06-15 14:03:31','2021-12-15 14:03:31'),('258cc2ca114412471bd7c38a89b371c6425162d7b8b5a20bc24c62f672b7f2145c50dfbb711c9c48',1,'91f32aa6-b5be-429a-8b3d-d8cb2ecfa570','Personal Access Token','[]',0,'2021-08-17 10:54:08','2021-08-17 10:54:08','2022-02-17 10:54:07'),('26390cf1b81a50c7864b6547e4d22471c32e4bac1c753d7c6cd35fa77421e07e1bcef974787612b7',1,'91f32aa6-b5be-429a-8b3d-d8cb2ecfa570','Personal Access Token','[]',0,'2020-11-27 01:44:38','2020-11-27 01:44:38','2021-05-27 01:44:38'),('26983f8aa159c778b49fab4a3303d502618ed89a13cbef0fa8b3274e441ac0bdbeaf3201af7f04f1',1,'91f32aa6-b5be-429a-8b3d-d8cb2ecfa570','Personal Access Token','[]',0,'2021-06-15 15:17:34','2021-06-15 15:17:34','2021-12-15 15:17:34'),('272854a2143fa7e65aca742f4d5708f294dba017f13350a6f2376b6decc1b3aefd2a2631e012e228',1,'91f32aa6-b5be-429a-8b3d-d8cb2ecfa570','Personal Access Token','[]',0,'2020-11-16 13:15:51','2020-11-16 13:15:51','2021-05-16 13:15:51'),('2728a52bc249a4908a1824220ecfa46d896f9ad93433d43664c814c3e9d8e6416468042bd579c830',1,'91f32aa6-b5be-429a-8b3d-d8cb2ecfa570','Personal Access Token','[]',0,'2020-11-15 02:16:43','2020-11-15 02:16:43','2021-05-15 02:16:43'),('29935499a5af4dacd2cdb5c1aa98b73a4c5a1b6f3c25236483ed5e417bd5e7c60abd02a509ea6f9e',1,'91f32aa6-b5be-429a-8b3d-d8cb2ecfa570','Personal Access Token','[]',0,'2020-11-14 04:37:09','2020-11-14 04:37:09','2021-05-14 04:37:09'),('29eed9fe6e261116ccbbe56d947aa6d7888f1e585e6efa65d5decf5f3eab11a08420119d93221c56',1,'91f32aa6-b5be-429a-8b3d-d8cb2ecfa570','Personal Access Token','[]',0,'2021-04-13 14:01:25','2021-04-13 14:01:25','2021-10-13 14:01:25'),('2a66a074d748611e790c7a384f465e0b567c49bf9e647dbaaae52b94175c571be92c4de299939feb',1,'91f32aa6-b5be-429a-8b3d-d8cb2ecfa570','Personal Access Token','[]',0,'2020-11-24 05:55:48','2020-11-24 05:55:48','2021-05-24 05:55:48'),('2aefac28d9ad3ccdd328181ea2eb0f394bf6138c45953d4b54406c6dd8f2786f70efc53a17d20886',1,'91f32aa6-b5be-429a-8b3d-d8cb2ecfa570','Personal Access Token','[]',0,'2021-02-02 01:21:52','2021-02-02 01:21:52','2021-08-02 01:21:51'),('2bbf589b693de7aa36bc948b3bf444fe7ab60a34a977e8126c49cac6b1a376840a82e9281d210845',1,'91f32aa6-b5be-429a-8b3d-d8cb2ecfa570','Personal Access Token','[]',0,'2020-11-15 13:54:22','2020-11-15 13:54:22','2021-05-15 13:54:22'),('2ce1e5199d47144ff73b0ff4da2bc2288722ceb7d18edfa6cf25762f42582b1d15e6d93415f80c44',1,'91f32aa6-b5be-429a-8b3d-d8cb2ecfa570','Personal Access Token','[]',0,'2020-11-27 10:16:20','2020-11-27 10:16:20','2021-05-27 10:16:20'),('2e6aca4f37f2e744dd92f91c7ac4968bb7d6b8565d661673cbe7ef72946e4edb5f63d27e22009332',1,'91f32aa6-b5be-429a-8b3d-d8cb2ecfa570','Personal Access Token','[]',0,'2021-05-11 02:20:03','2021-05-11 02:20:03','2021-11-11 02:20:03'),('2f63b0b31807bef05bbfb28fbc3e29955a1ff8f93c23f44a98f24d625dd50bace944e167eea5fb66',1,'91f32aa6-b5be-429a-8b3d-d8cb2ecfa570','Personal Access Token','[]',0,'2021-06-15 17:39:11','2021-06-15 17:39:11','2021-12-15 17:39:11'),('2f7c67ed69159dd6c445c38114ad1257cf508a0752f53a9918d0158a92561803b86c8ebca049c1f3',1,'91f32aa6-b5be-429a-8b3d-d8cb2ecfa570','Personal Access Token','[]',0,'2021-07-15 01:50:16','2021-07-15 01:50:16','2022-01-15 01:50:15'),('3036b6b30d39d37257a70232cecc4f3ef19e2689787f1c48be94e71bc97227cda4ff8bc3917d83fa',1,'91f32aa6-b5be-429a-8b3d-d8cb2ecfa570','Personal Access Token','[]',0,'2021-08-21 15:40:18','2021-08-21 15:40:18','2022-02-21 15:40:06'),('326e098eddd4441bdfdd930ce6467d71721381205d1043ea64d303090e22c17ecb7c316891f547e5',1,'91f32aa6-b5be-429a-8b3d-d8cb2ecfa570','Personal Access Token','[]',0,'2020-11-16 16:17:27','2020-11-16 16:17:27','2021-05-16 16:17:26'),('3293b7fa496726e6bbc0e81d0f3426f2292a2273084635db0d0aaf3acccde10509dfc6d885eb3910',1,'91f32aa6-b5be-429a-8b3d-d8cb2ecfa570','Personal Access Token','[]',0,'2021-02-03 09:02:13','2021-02-03 09:02:13','2021-08-03 09:02:12'),('3337a3f20757111666dba7b6618d27c76520a9a055b49d3dc16fb6a1fe7eba8e467ddf250afef79a',1,'91f32aa6-b5be-429a-8b3d-d8cb2ecfa570','Personal Access Token','[]',0,'2020-11-15 05:26:55','2020-11-15 05:26:55','2021-05-15 05:26:55'),('3423b1df2d8b556e5a93176a9822efda6d2fbba9f68cdc015e49e23482d76addf16e2f950b6bc9f6',1,'91f32aa6-b5be-429a-8b3d-d8cb2ecfa570','Personal Access Token','[]',0,'2021-07-03 05:23:43','2021-07-03 05:23:43','2022-01-03 05:23:42'),('348647406483e1768da23d114ba87e474bd5193b358fd2683b0f174cd6af9b6bfbd84d5a5c5fedca',1,'91f32aa6-b5be-429a-8b3d-d8cb2ecfa570','Personal Access Token','[]',0,'2020-11-12 09:38:30','2020-11-12 09:38:30','2021-05-12 09:38:30'),('349898e3536e61a30e1f533c5d81035fedf19a3c4f98e74a03c5b3a68bf6bf08c01f079b3b5cc971',1,'91f32aa6-b5be-429a-8b3d-d8cb2ecfa570','Personal Access Token','[]',0,'2020-11-14 05:56:39','2020-11-14 05:56:39','2021-05-14 05:56:39'),('34f7028478729e827fc1cec3449d06e35885b86b579973a5bf9a1e1f09ab44e2e5b4f02d3c8931fd',1,'91f32aa6-b5be-429a-8b3d-d8cb2ecfa570','Personal Access Token','[]',0,'2021-05-12 04:18:46','2021-05-12 04:18:46','2021-11-12 04:18:45'),('360a2e3cf07c103dee7d55b69aeb3ef478c4fb1e11d58730383a831eccdac8a6d0278317b3f93582',1,'91f32aa6-b5be-429a-8b3d-d8cb2ecfa570','Personal Access Token','[]',0,'2021-08-31 09:59:37','2021-08-31 09:59:37','2022-03-03 09:59:37'),('36ec2f4305a930c53ef8c1820f1523de28c74a30220be749711ebb8bf74353f52868eac602f3bcf0',1,'91f32aa6-b5be-429a-8b3d-d8cb2ecfa570','Personal Access Token','[]',0,'2021-08-23 10:54:22','2021-08-23 10:54:22','2022-02-23 10:54:17'),('380860368ec2d3e57bbc6a03a72abb3af8fdee258f986b9f2750a0861e8714dd2c492fa0401bf2f1',1,'91f32aa6-b5be-429a-8b3d-d8cb2ecfa570','Personal Access Token','[]',0,'2020-11-10 14:37:13','2020-11-10 14:37:13','2021-05-10 14:37:13'),('393e878816e107b44a7f9815d755324e945364b3b02d1c5d9901d9fdc01c1853eca7175577e733ec',1,'91f32aa6-b5be-429a-8b3d-d8cb2ecfa570','Personal Access Token','[]',0,'2021-07-11 02:29:25','2021-07-11 02:29:25','2022-01-11 02:29:25'),('3b7db0c21c378fb046f82a53afefc8c4e8130a48894399c2237c0884c668dd98330f176a285606ad',1,'91f32aa6-b5be-429a-8b3d-d8cb2ecfa570','Personal Access Token','[]',0,'2020-11-27 10:16:37','2020-11-27 10:16:37','2021-05-27 10:16:37'),('3bf388023b38e059aaafe8076e8a60396a34985468cc835b2782486c365610aeb9673f2c87b0a806',1,'91f32aa6-b5be-429a-8b3d-d8cb2ecfa570','Personal Access Token','[]',0,'2020-11-10 06:08:17','2020-11-10 06:08:17','2021-05-10 06:08:17'),('3d138015860daef8e82d51b2b4df013283b1f9850fc58f41b26685b2590086d2a7df9eb42dc8dc03',1,'91f32aa6-b5be-429a-8b3d-d8cb2ecfa570','Personal Access Token','[]',0,'2021-05-15 02:38:45','2021-05-15 02:38:45','2021-11-15 02:38:44'),('3dda13254056ebedd57a62d797b6278c1cd7f618a564a1e71343e4ed11e27e1cbb4a8ba19f922652',1,'91f32aa6-b5be-429a-8b3d-d8cb2ecfa570','Personal Access Token','[]',0,'2020-11-28 14:13:03','2020-11-28 14:13:03','2021-05-28 14:13:02'),('3f04d0435fc906d36b1b92cd05fd357e40212e59a0da39e0a8091c7cb697fe88b51915e87b638e0d',1,'91f32aa6-b5be-429a-8b3d-d8cb2ecfa570','Personal Access Token','[]',0,'2021-06-17 14:04:30','2021-06-17 14:04:30','2021-12-17 14:04:30'),('40a0eb2369c4fbd906767993f4e254953285d2f1ce0081d7764fda69a8a43db3ab5c7bd171b50bf6',1,'91f32aa6-b5be-429a-8b3d-d8cb2ecfa570','Personal Access Token','[]',0,'2020-11-16 13:30:14','2020-11-16 13:30:14','2021-05-16 13:30:13'),('40fd1654f617c6518c1eb9740616ebfda3dac482f0a6b8b8b1575cd07b3c34cb96d59bac5c44075c',1,'91f32aa6-b5be-429a-8b3d-d8cb2ecfa570','Personal Access Token','[]',0,'2021-06-17 01:33:09','2021-06-17 01:33:09','2021-12-17 01:33:08'),('42f9b8455bf23299262138e100a4d4f24fe568199a0620cd155f71f0a91a053bf712a078c1b009d1',1,'91f32aa6-b5be-429a-8b3d-d8cb2ecfa570','Personal Access Token','[]',0,'2021-06-23 13:57:41','2021-06-23 13:57:41','2021-12-23 13:57:40'),('431554101e5218b11504c302a00b4672854547449fa087608c7804bb162e7552facdaf2f0448586f',1,'91f32aa6-b5be-429a-8b3d-d8cb2ecfa570','Personal Access Token','[]',0,'2021-06-17 17:36:07','2021-06-17 17:36:07','2021-12-17 17:36:06'),('44acc9fe7fa65e5fb2ad89c0e1736031cf683d3d29e213c6cc84d24f0f882bb31ae72e2577a4decf',1,'91f32aa6-b5be-429a-8b3d-d8cb2ecfa570','Personal Access Token','[]',0,'2021-06-18 04:23:03','2021-06-18 04:23:03','2021-12-18 04:23:03'),('4586a767dfeaa710780e6734b5b21a139faad07966652673c66e4d8bc0f657050f8a7589c8bc308d',1,'91f32aa6-b5be-429a-8b3d-d8cb2ecfa570','Personal Access Token','[]',0,'2021-06-18 01:06:47','2021-06-18 01:06:47','2021-12-18 01:06:47'),('466a53d48c4930885b7f5784fb91e6960b1a33f6e98f608b3e86e503f8ca00340c9fb69d40eb4d91',1,'91f32aa6-b5be-429a-8b3d-d8cb2ecfa570','Personal Access Token','[]',0,'2021-04-28 07:27:22','2021-04-28 07:27:22','2021-10-28 07:27:22'),('4717f0d524810b12c289aa94235d49f2b60d48e366877d88a77f8491479fdd7930f24e27e0d130fc',1,'91f32aa6-b5be-429a-8b3d-d8cb2ecfa570','Personal Access Token','[]',0,'2020-11-12 14:00:53','2020-11-12 14:00:53','2021-05-12 14:00:53'),('471ca0e5a711144886aecdf21451e25b3bf2ebc11f7ad168e7c1d9eae27eb1d1b87e348f5ace359a',1,'91f32aa6-b5be-429a-8b3d-d8cb2ecfa570','Personal Access Token','[]',0,'2021-05-08 15:27:39','2021-05-08 15:27:39','2021-11-08 15:27:39'),('48fdff6145555104adf1bdac9d1214153b7fa31e96d7310a1b0e618f8ae6f2c0dbee7fbeb51b2685',1,'91f32aa6-b5be-429a-8b3d-d8cb2ecfa570','Personal Access Token','[]',0,'2021-06-16 13:58:00','2021-06-16 13:58:00','2021-12-16 13:57:59'),('495517476dfad63e3db918f9609e9be1baeba2d26642023477f4569b0d7804b54b2399399812857c',1,'91f32aa6-b5be-429a-8b3d-d8cb2ecfa570','Personal Access Token','[]',0,'2020-11-15 06:43:39','2020-11-15 06:43:39','2021-05-15 06:43:38'),('4aa0b76b5eba69089cd37ce1fe3991d64debd80c28190d16334b994b7ed76757f3fe163c9800264a',1,'91f32aa6-b5be-429a-8b3d-d8cb2ecfa570','Personal Access Token','[]',0,'2021-07-15 01:50:51','2021-07-15 01:50:51','2022-01-15 01:50:51'),('4b07ac454dba304ae26e49dcf09d1d11de1ef9fa947447ab9b52a26178aa806ed69a30dfcd2ff1e6',1,'91f32aa6-b5be-429a-8b3d-d8cb2ecfa570','Personal Access Token','[]',0,'2020-11-16 07:33:58','2020-11-16 07:33:58','2021-05-16 07:33:58'),('4b1361846c0efcca1061d45e1cd05ee7b911275e83fcbec81de712c1f63cd9bb9a1dc89ae36b7611',1,'91f32aa6-b5be-429a-8b3d-d8cb2ecfa570','Personal Access Token','[]',0,'2020-11-16 15:42:20','2020-11-16 15:42:20','2021-05-16 15:42:20'),('4b48238f71a524724d26849e05961066297369971860e1b0b2b5c6a3bf36a2090d2fb02331a36daa',1,'91f32aa6-b5be-429a-8b3d-d8cb2ecfa570','Personal Access Token','[]',0,'2021-06-20 03:33:42','2021-06-20 03:33:42','2021-12-20 03:33:41'),('4c5135236b679b8e4a927bb3343c8d2fee70c16dc31d9ab126f094af6f1185460f53f87d0f529829',1,'91f32aa6-b5be-429a-8b3d-d8cb2ecfa570','Personal Access Token','[]',0,'2021-06-21 14:28:28','2021-06-21 14:28:28','2021-12-21 14:28:28'),('4ca1ce14f99621def5607e4ff88c12b6ae0f5e9d81de4de9446c59462b7a21a345efb8c1a3051fe8',1,'91f32aa6-b5be-429a-8b3d-d8cb2ecfa570','Personal Access Token','[]',0,'2020-11-23 04:21:00','2020-11-23 04:21:00','2021-05-23 04:21:00'),('4ce2f28536f9a34357ef4097ed571f4a6b7d03020394b209a342562af4756904fb0e1a01c4515ea9',1,'91f32aa6-b5be-429a-8b3d-d8cb2ecfa570','Personal Access Token','[]',0,'2021-06-07 13:44:03','2021-06-07 13:44:03','2021-12-07 13:44:03'),('4ce6d0e9c483ef2a208df9a3adb1f27bea0c45a3c6e2b0d8244aae5d531be876e7f82d1ea9f2ecca',1,'91f32aa6-b5be-429a-8b3d-d8cb2ecfa570','Personal Access Token','[]',0,'2021-05-12 01:33:39','2021-05-12 01:33:39','2021-11-12 01:33:38'),('4d16dd4ea56c64fac37098a2adf681adef083526202624cd94d6926da8a6104e2855f66f1a788b12',1,'91f32aa6-b5be-429a-8b3d-d8cb2ecfa570','Personal Access Token','[]',0,'2021-09-10 02:30:26','2021-09-10 02:30:26','2022-03-10 02:30:25'),('4db7d955ec04078569f1b394cd809f10c43f9e428699b1e7b5fa81d7b25cb1a070b106748c7cedae',1,'91f32aa6-b5be-429a-8b3d-d8cb2ecfa570','Personal Access Token','[]',0,'2020-11-25 01:13:10','2020-11-25 01:13:10','2021-05-25 01:13:10'),('500dbed54ba6929fd99b2c60e6640ed991cb82d49f3e0a3276ae938f8a5041e5f24a3fd46336920a',1,'91f32aa6-b5be-429a-8b3d-d8cb2ecfa570','Personal Access Token','[]',0,'2020-11-15 05:26:12','2020-11-15 05:26:12','2021-05-15 05:26:12'),('50cce999f61ce103fc950d9ff899ada661af6606960e40f9b28a1e369544cc8786e3f53b6f98adbf',1,'91f32aa6-b5be-429a-8b3d-d8cb2ecfa570','Personal Access Token','[]',0,'2021-08-13 06:31:57','2021-08-13 06:31:57','2022-02-13 06:31:57'),('51c7de3dbd32e9fd382f002ed4b38bdc2337f7cee7ef9db931cd0f898e84510c8820ec980f8aec24',1,'91f32aa6-b5be-429a-8b3d-d8cb2ecfa570','Personal Access Token','[]',0,'2020-11-26 04:52:19','2020-11-26 04:52:19','2021-05-26 04:52:18'),('52d42b9ee30d44c785e2bed214ee0090c51d9b34db2ad4b1fbf6cc0a692648e9178232e572fbdb04',1,'91f32aa6-b5be-429a-8b3d-d8cb2ecfa570','Personal Access Token','[]',0,'2021-05-12 04:34:15','2021-05-12 04:34:15','2021-11-12 04:34:15'),('52ff54991f31acfb25b817bc50f773f02e751a9ff012bc76d35b1fcb4abcc611f918a20d904867a6',1,'91f32aa6-b5be-429a-8b3d-d8cb2ecfa570','Personal Access Token','[]',0,'2021-08-18 14:13:29','2021-08-18 14:13:29','2022-02-18 14:13:29'),('5308e0b92a796843e77d0634b0470f38b29a37307990c4d3cd9d950467a954ec6daebe51271d0bf7',1,'91f32aa6-b5be-429a-8b3d-d8cb2ecfa570','Personal Access Token','[]',0,'2021-04-28 02:21:30','2021-04-28 02:21:30','2021-10-28 02:21:30'),('532e5d863b89e829c6ecbe14e4ec0e084e248662480ff31be569d1672dac2111b81a3779e1b7ba5a',1,'91f32aa6-b5be-429a-8b3d-d8cb2ecfa570','Personal Access Token','[]',0,'2020-11-11 15:21:58','2020-11-11 15:21:58','2021-05-11 15:21:57'),('537b222d7bc176aa1271c3c5f927c2f36c69cff98f8858712c76383fd8e86e5befc410af7f344b3d',1,'91f32aa6-b5be-429a-8b3d-d8cb2ecfa570','Personal Access Token','[]',0,'2021-06-17 01:33:08','2021-06-17 01:33:08','2021-12-17 01:33:08'),('5384c9076def0127b8c0125f0e4a6fd96c441120432904753f66684c0667e6d2910e6742d0691b0f',1,'91f32aa6-b5be-429a-8b3d-d8cb2ecfa570','Personal Access Token','[]',0,'2020-11-14 06:18:53','2020-11-14 06:18:53','2021-05-14 06:18:53'),('545561278ec4eb6f735ad058dc44339ec276399a40d21185e0be63ad88bdfe815128359967fbe690',1,'91f32aa6-b5be-429a-8b3d-d8cb2ecfa570','Personal Access Token','[]',0,'2021-09-10 02:42:55','2021-09-10 02:42:55','2022-03-10 02:42:55'),('545d8996dc70527d2aa8115c017045e90d3ea55a57992c6b9bd9d7148599b8c3cb865d9cc1cacf26',1,'91f32aa6-b5be-429a-8b3d-d8cb2ecfa570','Personal Access Token','[]',0,'2021-06-28 06:23:19','2021-06-28 06:23:19','2021-12-28 06:23:18'),('5540a3397f4b0b7865c86683bce7273d5b2db1dc35920ffeb60bb5c18453b7676c56eb3b5ad896be',1,'91f32aa6-b5be-429a-8b3d-d8cb2ecfa570','Personal Access Token','[]',0,'2020-11-14 12:25:06','2020-11-14 12:25:06','2021-05-14 12:25:06'),('56cbdeff00842ea1b4884047a29604aae13551b90b9d587cd4f340ecae4e59b94006d3d1bc16b8d0',1,'91f32aa6-b5be-429a-8b3d-d8cb2ecfa570','Personal Access Token','[]',0,'2021-06-17 14:20:14','2021-06-17 14:20:14','2021-12-17 14:20:14'),('56d932cc228460b97840aa4d384983938d5bc3f66ecf554cbe63b7da7dd41e36e39a0bad66ae29b1',1,'91f32aa6-b5be-429a-8b3d-d8cb2ecfa570','Personal Access Token','[]',0,'2020-11-14 04:16:18','2020-11-14 04:16:18','2021-05-14 04:16:18'),('56f74a9f1a115821b61c5fe2815161ce9c7bf1e35630a1af34e519ae072787d0b48a63ef04d44fc6',1,'91f32aa6-b5be-429a-8b3d-d8cb2ecfa570','Personal Access Token','[]',0,'2021-07-09 12:45:19','2021-07-09 12:45:19','2022-01-09 12:45:19'),('57545eae8f6889935a6507676e964f15eb4fd9fb7c719a073c1592de9db8efa3ce26540d82e60175',1,'91f32aa6-b5be-429a-8b3d-d8cb2ecfa570','Personal Access Token','[]',0,'2020-11-24 05:39:30','2020-11-24 05:39:30','2021-05-24 05:39:30'),('5816b8918d5ea301032f9f8212177cd48c17e23d222452e4ed32f32b8fc195c71e6ef2ee29b3b6f8',1,'91f32aa6-b5be-429a-8b3d-d8cb2ecfa570','Personal Access Token','[]',0,'2021-06-18 04:22:34','2021-06-18 04:22:34','2021-12-18 04:22:33'),('582c0c72e715eb4c4c97fc9f115d791b13620aacc820f9cffde5f1045688f9ab70bc63de279d57ed',1,'91f32aa6-b5be-429a-8b3d-d8cb2ecfa570','Personal Access Token','[]',0,'2021-08-18 14:02:12','2021-08-18 14:02:12','2022-02-18 14:02:11'),('58f165177f8f75c055dffb47946211f487da475e29f67a62bd5441f0757a0fad2e5e1a7b65351052',1,'91f32aa6-b5be-429a-8b3d-d8cb2ecfa570','Personal Access Token','[]',0,'2020-11-26 23:11:51','2020-11-26 23:11:51','2021-05-26 23:11:50'),('58f992df3bc16b94c9406925d798f8c46ff958a7b06512327dbe485c7f640d717df16eb6ce437477',1,'91f32aa6-b5be-429a-8b3d-d8cb2ecfa570','Personal Access Token','[]',0,'2020-11-27 10:28:56','2020-11-27 10:28:56','2021-05-27 10:28:56'),('5a6e869e3cdaa864cf9a9ec4a5762acdebd95c16467e04904bdd6eed04877200142a019c24fbb0f8',1,'91f32aa6-b5be-429a-8b3d-d8cb2ecfa570','Personal Access Token','[]',0,'2020-11-14 14:21:03','2020-11-14 14:21:03','2021-05-14 14:21:02'),('5b2712127cfaa8003275e3aaa28d44ce26101d70b74489a34466ae5cb14af2d0e8d414b367f1735f',1,'91f32aa6-b5be-429a-8b3d-d8cb2ecfa570','Personal Access Token','[]',0,'2020-11-26 23:08:33','2020-11-26 23:08:33','2021-05-26 23:08:33'),('5d07c9898909bbdaf36813836e8bbc19bd98dfc9418d716bd8baf7b8d1245985e16f574e4bb62d52',1,'91f32aa6-b5be-429a-8b3d-d8cb2ecfa570','Personal Access Token','[]',0,'2021-07-08 16:28:52','2021-07-08 16:28:52','2022-01-08 16:28:52'),('5df46383f7f5ac9a4b9d924ad08d59900adb7bf6d6f3b474c6dcde322008e9d3ba7e9d3db177fc6a',1,'91f32aa6-b5be-429a-8b3d-d8cb2ecfa570','Personal Access Token','[]',0,'2020-11-07 16:09:44','2020-11-07 16:09:44','2021-05-07 16:09:43'),('5e921a5c2d5e12db889ae1c73c147f463db00948929eb7d567521bb09c29a3e2c9259c29931eea6a',1,'91f32aa6-b5be-429a-8b3d-d8cb2ecfa570','Personal Access Token','[]',0,'2021-06-15 15:27:39','2021-06-15 15:27:39','2021-12-15 15:27:39'),('5eaf9e5a8fd15a8043a9c72176ae76eb8be3e8e3d56937441f58ffa70156f57bd1b69e3993d3842a',1,'91f32aa6-b5be-429a-8b3d-d8cb2ecfa570','Personal Access Token','[]',0,'2021-06-15 17:30:32','2021-06-15 17:30:32','2021-12-15 17:30:31'),('5eec982dd6250e81a6a9e439f7337d3fbd37ed0d928dfa75c619e9b2b617b62046a1ca11117ce123',1,'91f32aa6-b5be-429a-8b3d-d8cb2ecfa570','Personal Access Token','[]',0,'2020-11-29 04:27:23','2020-11-29 04:27:23','2021-05-29 04:27:22'),('5f999dd2b4f1bf6bbcd56a13bece502e384cd2fb05c52dcb887275b9811d7067814ffa1c67bfc4a1',1,'91f32aa6-b5be-429a-8b3d-d8cb2ecfa570','Personal Access Token','[]',0,'2020-11-23 03:13:05','2020-11-23 03:13:05','2021-05-23 03:13:05'),('60062720e06c82b47ac26a1b44f66d78460a88cd4c6bfc9586a1ec69afd1f558a62d35fc94717286',1,'91f32aa6-b5be-429a-8b3d-d8cb2ecfa570','Personal Access Token','[]',0,'2021-05-13 06:44:06','2021-05-13 06:44:06','2021-11-13 06:44:05'),('6036d8424a9b37d64db35fb24868a939bc5b3a58e3d73777010bb09a47cd2473e8a429856b77169f',1,'91f32aa6-b5be-429a-8b3d-d8cb2ecfa570','Personal Access Token','[]',0,'2020-11-13 02:04:38','2020-11-13 02:04:38','2021-05-13 02:04:38'),('608890ede54df8c54f0dbecdd9c5feebc3a4771c36025f0818c58ad65013a121632d0ceafe25b443',1,'91f32aa6-b5be-429a-8b3d-d8cb2ecfa570','Personal Access Token','[]',0,'2021-06-02 06:19:23','2021-06-02 06:19:23','2021-12-02 06:19:23'),('6285e4e9983a927be4fa2d5d6d37b38a7f5bc2e84c3988b1a114e46b9d8d0adf204526b2c57758dc',1,'91f32aa6-b5be-429a-8b3d-d8cb2ecfa570','Personal Access Token','[]',0,'2021-06-28 06:19:00','2021-06-28 06:19:00','2021-12-28 06:18:59'),('632a148dd8ffc29637af52f9d50abab9f25b4e76dffa71da1148f0f009cccbc930db15dc9d3b386b',1,'91f32aa6-b5be-429a-8b3d-d8cb2ecfa570','Personal Access Token','[]',0,'2021-06-17 10:19:52','2021-06-17 10:19:52','2021-12-17 10:19:52'),('63e53b3647aaf0e0f5ce80ece1b54003b7acc535d4f1eba2aa94a416b6e490255e1332174d26c4c5',1,'91f32aa6-b5be-429a-8b3d-d8cb2ecfa570','Personal Access Token','[]',0,'2021-06-23 16:05:33','2021-06-23 16:05:33','2021-12-23 16:05:32'),('649d50508d33b6ac74920987beadc49b2fdd83b19c58a34276e1728f4765814cc188fc8966b05626',1,'91f32aa6-b5be-429a-8b3d-d8cb2ecfa570','Personal Access Token','[]',0,'2020-11-20 09:54:40','2020-11-20 09:54:40','2021-05-20 09:54:40'),('6520763bd14854913a5b196489b6b7dfaa5476f187ea6241e11ac9e873a84088ed768fb92434cdb3',1,'91f32aa6-b5be-429a-8b3d-d8cb2ecfa570','Personal Access Token','[]',0,'2021-09-08 09:47:49','2021-09-08 09:47:49','2022-03-08 09:47:49'),('66815b4e7013cf0d2e49e6dfb2ac1421d4a17d52dea99872abcc7aa6d0c72b39563e1c6f1bf0ee69',1,'91f32aa6-b5be-429a-8b3d-d8cb2ecfa570','Personal Access Token','[]',0,'2020-11-20 11:32:37','2020-11-20 11:32:37','2021-05-20 11:32:37'),('66d14a88672c14472b96573ac49a30da893c9620342a4f98fd4d87b60d08f98266b2b9ee9341361c',1,'91f32aa6-b5be-429a-8b3d-d8cb2ecfa570','Personal Access Token','[]',0,'2021-06-16 07:32:11','2021-06-16 07:32:11','2021-12-16 07:32:11'),('67de7583289a250d57198a756ce902afa2e6bdc9c5e23de3538b9794ad2e50f434e25f253de7b572',1,'91f32aa6-b5be-429a-8b3d-d8cb2ecfa570','Personal Access Token','[]',0,'2021-06-17 18:16:26','2021-06-17 18:16:26','2021-12-17 18:16:26'),('67e79ed291e0372f1c59fe4abc25331f077920bb36b809bfb6ebcda84a9e8b39e4c939b16c6a5075',1,'91f32aa6-b5be-429a-8b3d-d8cb2ecfa570','Personal Access Token','[]',0,'2021-06-17 17:27:30','2021-06-17 17:27:30','2021-12-17 17:27:30'),('682df63461a909603c4cc368d53fd734c953b2c1ccccc75a8c86f6e02f99cb607be643fa0229ca4d',1,'91f32aa6-b5be-429a-8b3d-d8cb2ecfa570','Personal Access Token','[]',0,'2021-07-08 12:40:25','2021-07-08 12:40:25','2022-01-08 12:40:25'),('68f38b3d2d02a9628874c71e0df0fa80c546dd8c400f2348ec170a959f168429e628c44bc6fe1e89',1,'91f32aa6-b5be-429a-8b3d-d8cb2ecfa570','Personal Access Token','[]',0,'2021-08-21 15:37:08','2021-08-21 15:37:08','2022-02-21 15:36:54'),('6ab7bbf7ec8164b4d3c041b41fec440b652a99a35c98e6ed96cb1815aa6d7f741bac759aa749af25',1,'91f32aa6-b5be-429a-8b3d-d8cb2ecfa570','Personal Access Token','[]',0,'2020-11-24 02:43:52','2020-11-24 02:43:52','2021-05-24 02:43:52'),('6b17498bd1d0c2c9747b6b0cf472d2d8e5b97c6e1b53b9ab1ad786d00bce658289d3223799e08828',1,'91f32aa6-b5be-429a-8b3d-d8cb2ecfa570','Personal Access Token','[]',0,'2020-11-12 08:03:14','2020-11-12 08:03:14','2021-05-12 08:03:14'),('6bae0cb3fa438e73bc7f14147551a781e084182d9b35d8b5c010c1c784bdcb1e6eb372b7eeb15f98',1,'91f32aa6-b5be-429a-8b3d-d8cb2ecfa570','Personal Access Token','[]',0,'2020-11-25 14:43:22','2020-11-25 14:43:22','2021-05-25 14:43:22'),('6c6b03d2d2134bfda8bc8991fb82055ed69a30c2766055a138158f1605032016670e537e76a16c9c',1,'91f32aa6-b5be-429a-8b3d-d8cb2ecfa570','Personal Access Token','[]',0,'2021-06-24 03:04:49','2021-06-24 03:04:49','2021-12-24 03:04:49'),('6d44b5e63815d76e2aae0cdb059da71bc86f45cbd13c8790df74d8574d35e9ff7a8a48a6aec27cb0',1,'91f32aa6-b5be-429a-8b3d-d8cb2ecfa570','Personal Access Token','[]',0,'2020-11-15 14:17:37','2020-11-15 14:17:37','2021-05-15 14:17:36'),('6d53b4901150d8da722651f310231f510801723991fed08371e86d8fc264ce6c62b374dc7a886144',1,'91f32aa6-b5be-429a-8b3d-d8cb2ecfa570','Personal Access Token','[]',0,'2020-11-24 14:22:25','2020-11-24 14:22:25','2021-05-24 14:22:25'),('6df6ab14b6ffe1ca253cb19cff1d7ece698ab7e7941abb64d91a2d5f73c2079003d45a35445be204',1,'91f32aa6-b5be-429a-8b3d-d8cb2ecfa570','Personal Access Token','[]',0,'2021-08-31 09:25:50','2021-08-31 09:25:50','2022-03-03 09:25:50'),('6ffde19da76d89761eff322e39a7a1eeb424c354ddf5d941dcc91f301655e81339e87f448a022790',1,'91f32aa6-b5be-429a-8b3d-d8cb2ecfa570','Personal Access Token','[]',0,'2021-06-24 03:04:34','2021-06-24 03:04:34','2021-12-24 03:04:34'),('705d5dc0477dbf4f788ca3e8788b25037dd34fb2dbf908c62f1eae157b8d23fe80de96f3fca99fd4',1,'91f32aa6-b5be-429a-8b3d-d8cb2ecfa570','Personal Access Token','[]',0,'2021-05-11 02:24:31','2021-05-11 02:24:31','2021-11-11 02:24:31'),('70a904f1fc9ef7e77770dc09a68680d39003fe45d210011e53a950fe87f444765ef22466ce44c4a0',1,'91f32aa6-b5be-429a-8b3d-d8cb2ecfa570','Personal Access Token','[]',0,'2020-11-12 14:12:55','2020-11-12 14:12:55','2021-05-12 14:12:54'),('711b9cc75253541039a731287dab8b1206c212ce657b7e80a3c672953f33a9373d03ac90f897b727',1,'91f32aa6-b5be-429a-8b3d-d8cb2ecfa570','Personal Access Token','[]',0,'2021-07-24 03:45:45','2021-07-24 03:45:45','2022-01-24 03:45:45'),('73655280f8c77520eeda6c6b631783b8282627a8de43cb1beb63b39fe044a8f0aca877937647a033',1,'91f32aa6-b5be-429a-8b3d-d8cb2ecfa570','Personal Access Token','[]',0,'2021-04-12 01:43:05','2021-04-12 01:43:05','2021-10-12 01:43:05'),('74a8f730ed76d2a2b86375b1f001d38560aef359f42ed0540a4c219859772054e2face92a05cb687',1,'91f32aa6-b5be-429a-8b3d-d8cb2ecfa570','Personal Access Token','[]',0,'2021-05-12 01:31:22','2021-05-12 01:31:22','2021-11-12 01:31:21'),('75636eb87d0881a1026ad1c7a270948d4a3e42c5863356c038b2a941731b8c3d272bcdec9b6544f6',1,'91f32aa6-b5be-429a-8b3d-d8cb2ecfa570','Personal Access Token','[]',0,'2021-05-12 01:30:52','2021-05-12 01:30:52','2021-11-12 01:30:52'),('75e512913ab107091bd06b29d7e6af1fe69e72142928d6dba28d12dac431e12090bb393c853d3c10',1,'91f32aa6-b5be-429a-8b3d-d8cb2ecfa570','Personal Access Token','[]',0,'2021-07-15 01:50:02','2021-07-15 01:50:02','2022-01-15 01:50:02'),('763b6ac2bd83bb53ea13e121068b7f62d55406977312be00bdeb5645b7f8f7e1945affd2ea765d7b',1,'91f32aa6-b5be-429a-8b3d-d8cb2ecfa570','Personal Access Token','[]',0,'2020-11-12 14:05:36','2020-11-12 14:05:36','2021-05-12 14:05:36'),('76866809a8a1fb8b58a5bf8697e073d9a0450708507620341f08d5801daac1e44337cc0cec84b6c5',1,'91f32aa6-b5be-429a-8b3d-d8cb2ecfa570','Personal Access Token','[]',0,'2021-06-17 13:59:49','2021-06-17 13:59:49','2021-12-17 13:59:48'),('779bbdaf12f284be00a2bd1cf05066fe9c0df702aeb2c4c39e158f99ef77d14faca90a04c5b0b87f',1,'91f32aa6-b5be-429a-8b3d-d8cb2ecfa570','Personal Access Token','[]',0,'2020-11-20 02:41:58','2020-11-20 02:41:58','2021-05-20 02:41:58'),('77a00b01797fdfbedb6eb117462b05254d30bdc5445e9c2c71c2b708d202bb522babf57e0cc60e63',1,'91f32aa6-b5be-429a-8b3d-d8cb2ecfa570','Personal Access Token','[]',0,'2021-04-10 16:22:24','2021-04-10 16:22:24','2021-10-10 16:22:24'),('77c303e7aa4c956efa85a93c51fee6377ac560ebd3d50830ec8cf361a9a60b9630a96056d40ed512',1,'91f32aa6-b5be-429a-8b3d-d8cb2ecfa570','Personal Access Token','[]',0,'2020-11-14 04:02:53','2020-11-14 04:02:53','2021-05-14 04:02:53'),('7829dd74f283e8e7435866d24b2fca38f0b4d620d418d6766aaf1a5f3c535628b2c76cc6c1f523a6',1,'91f32aa6-b5be-429a-8b3d-d8cb2ecfa570','Personal Access Token','[]',0,'2021-06-16 07:35:24','2021-06-16 07:35:24','2021-12-16 07:35:23'),('78e21efdba7d7c6b81be71725aa71c37076f109157135d76e210133defba9ef1411155c2c8d053ab',1,'91f32aa6-b5be-429a-8b3d-d8cb2ecfa570','Personal Access Token','[]',0,'2020-11-10 05:42:53','2020-11-10 05:42:53','2021-05-10 05:42:52'),('79e973fecd553cd2402c430fa9db40554d195a372595c827a99208d623d059ac4088cc5fcbb96920',1,'91f32aa6-b5be-429a-8b3d-d8cb2ecfa570','Personal Access Token','[]',0,'2020-11-15 15:04:30','2020-11-15 15:04:30','2021-05-15 15:04:30'),('7a182b037fd6614cf8739d683c6cf479af7d3da77f8b753061feb7de3037d8b4f6aa156cd3211c96',1,'91f32aa6-b5be-429a-8b3d-d8cb2ecfa570','Personal Access Token','[]',0,'2020-11-14 05:28:30','2020-11-14 05:28:30','2021-05-14 05:28:30'),('7b9a4240671bb1195b0723682e95a58d622afdf524aba4b51566ee05f9057de5865d52e0dbd46abf',1,'91f32aa6-b5be-429a-8b3d-d8cb2ecfa570','Personal Access Token','[]',0,'2021-07-07 02:02:20','2021-07-07 02:02:20','2022-01-07 02:02:20'),('7bb8a97ba3dedeb03411ca5f11e3f69cf81ce6ae3bac0e039ad0fe21f64329f157306ec770620ab2',1,'91f32aa6-b5be-429a-8b3d-d8cb2ecfa570','Personal Access Token','[]',0,'2021-07-08 23:56:02','2021-07-08 23:56:02','2022-01-08 23:56:02'),('7bda493c473e30c718741cbd978898eee6d45f9cfdffa33b410f22dbe2982ed63ec3dd5712299684',1,'91f32aa6-b5be-429a-8b3d-d8cb2ecfa570','Personal Access Token','[]',0,'2020-11-13 14:20:38','2020-11-13 14:20:38','2021-05-13 14:20:38'),('7bea398d5da073d4f4669de7b4c7bc674575553022143dca715235a9dc4fba46d8eb66e8ee1a5806',1,'91f32aa6-b5be-429a-8b3d-d8cb2ecfa570','Personal Access Token','[]',0,'2020-11-14 14:04:15','2020-11-14 14:04:15','2021-05-14 14:04:15'),('7c0faf6972d56675807d7315d27f25faeebead71c0cce0b868bdf4b78720e12347463070791a8d26',1,'91f32aa6-b5be-429a-8b3d-d8cb2ecfa570','Personal Access Token','[]',0,'2021-08-14 09:13:14','2021-08-14 09:13:14','2022-02-14 09:13:13'),('7d0080b69ad37c07990a87785f06fc06a9c97ac7d522f74b1898de58e6abcb3cebaf69d2ce0558b4',1,'91f32aa6-b5be-429a-8b3d-d8cb2ecfa570','Personal Access Token','[]',0,'2020-11-10 14:28:11','2020-11-10 14:28:11','2021-05-10 14:28:10'),('7d05bc68026c6bbb76c9d3af92bd352e4066c3d3bd0019a384b13a9d86d09b6d9ea59053f0895507',1,'91f32aa6-b5be-429a-8b3d-d8cb2ecfa570','Personal Access Token','[]',0,'2020-11-14 12:36:21','2020-11-14 12:36:21','2021-05-14 12:36:21'),('814af4d22a86b7210064309f37ec622e0159fc69a5dae03dd9a79844b7a7321bffbecaa08512f1e9',1,'91f32aa6-b5be-429a-8b3d-d8cb2ecfa570','Personal Access Token','[]',0,'2021-05-12 04:56:50','2021-05-12 04:56:50','2021-11-12 04:56:50'),('82f871349fac7826f87ce58b84cbd7c94abc1bf2883432c77c464ed477b440a79bc730e77383dfdb',1,'91f32aa6-b5be-429a-8b3d-d8cb2ecfa570','Personal Access Token','[]',0,'2020-11-16 13:13:29','2020-11-16 13:13:29','2021-05-16 13:13:28'),('84c27796dc508ef77f2bec61abd37e0ef02e5d9029ef11961d5481ab2dc1a7a3209b15cc6f2f4b99',1,'91f32aa6-b5be-429a-8b3d-d8cb2ecfa570','Personal Access Token','[]',0,'2021-08-31 14:38:21','2021-08-31 14:38:21','2022-03-03 14:38:21'),('87fd78eeb8569f98dbdd19371d29eedd3fb75212d383caf8e77185d8ba6a19e04d572975141f2bec',1,'91f32aa6-b5be-429a-8b3d-d8cb2ecfa570','Personal Access Token','[]',0,'2020-11-26 13:28:08','2020-11-26 13:28:08','2021-05-26 13:28:08'),('880abbdfa498b24caf93c14396c9714322bc78f977bb98497afa92bdc5331899063d200ae2359719',1,'91f32aa6-b5be-429a-8b3d-d8cb2ecfa570','Personal Access Token','[]',0,'2021-06-09 14:33:07','2021-06-09 14:33:07','2021-12-09 14:33:07'),('892b171c5e8f6c6ff341fc733ef18e6680500b27dc8e63564a861e5ebeef96ca67140dfe147574af',1,'91f32aa6-b5be-429a-8b3d-d8cb2ecfa570','Personal Access Token','[]',0,'2021-06-28 06:16:54','2021-06-28 06:16:54','2021-12-28 06:16:54'),('894ae45f9220946c2cacaae95b56563dae1135789a4aa6ba5614dd338d75b71598358a1de45638ec',1,'91f32aa6-b5be-429a-8b3d-d8cb2ecfa570','Personal Access Token','[]',0,'2020-11-16 16:25:30','2020-11-16 16:25:30','2021-05-16 16:25:30'),('89ce669c3544c6d51ad50b761438d10af02d1bcba500af09b4037aa8c79d1f3d882be5be68ffe094',1,'91f32aa6-b5be-429a-8b3d-d8cb2ecfa570','Personal Access Token','[]',0,'2021-08-18 04:01:27','2021-08-18 04:01:27','2022-02-18 04:01:27'),('8a465238e61f70331cf43b9e1430fd39a8584b876588577f242519925ff8e6a307e752877818f706',1,'91f32aa6-b5be-429a-8b3d-d8cb2ecfa570','Personal Access Token','[]',0,'2021-05-11 02:18:37','2021-05-11 02:18:37','2021-11-11 02:18:36'),('8a65cdcf8f0df74ca3cabe89b81fd80fa28704ba64444dc5aa62214512dc5fe85df2199328753d95',1,'91f32aa6-b5be-429a-8b3d-d8cb2ecfa570','Personal Access Token','[]',0,'2020-11-14 11:11:11','2020-11-14 11:11:11','2021-05-14 11:11:10'),('8a78b8bd4a02a12fae432451dddc27c7aa90d637213881053ea361373f08ed380b778ed0246ba09d',1,'91f32aa6-b5be-429a-8b3d-d8cb2ecfa570','Personal Access Token','[]',0,'2021-06-23 01:56:15','2021-06-23 01:56:15','2021-12-23 01:56:15'),('8b3b12161d39f7c3e91939d3eb695f45ec4e7b5955e4ad28a71d63f122ec0901685a8b7f607db81a',1,'91f32aa6-b5be-429a-8b3d-d8cb2ecfa570','Personal Access Token','[]',0,'2020-11-09 13:43:34','2020-11-09 13:43:34','2021-05-09 13:43:34'),('8be7ab788bd76c7550250dc30a12ffd0ad78ed46915b83b1d0ca6a83a2c69166bb9e7926885ddff7',1,'91f32aa6-b5be-429a-8b3d-d8cb2ecfa570','Personal Access Token','[]',0,'2021-05-12 04:35:13','2021-05-12 04:35:13','2021-11-12 04:35:13'),('8bfa1d4c61bf47fb2ab3edefefb09a128ab8a5b8f68aea1454fb0936624ec600c527fb1e3ec79489',1,'91f32aa6-b5be-429a-8b3d-d8cb2ecfa570','Personal Access Token','[]',0,'2020-11-18 06:16:41','2020-11-18 06:16:41','2021-05-18 06:16:41'),('8d658e3e0efa92470d99d15ea3fd35f2eaf9bc22052d622c780d1ed23f45ca312553e75268eee63a',1,'91f32aa6-b5be-429a-8b3d-d8cb2ecfa570','Personal Access Token','[]',0,'2020-11-24 02:53:22','2020-11-24 02:53:22','2021-05-24 02:53:21'),('8e62488fda6a221529617817f4b26a8006f53af78dd54bb6ebbab5efc51fbeaee9e1fad97f899011',1,'91f32aa6-b5be-429a-8b3d-d8cb2ecfa570','Personal Access Token','[]',0,'2020-11-24 06:13:21','2020-11-24 06:13:21','2021-05-24 06:13:21'),('8e67de78d46b396bc147808e50b8d10e5b2052e1f2d422be9995c05cbd8c16da0f9183228e571c31',1,'91f32aa6-b5be-429a-8b3d-d8cb2ecfa570','Personal Access Token','[]',0,'2021-08-05 05:30:47','2021-08-05 05:30:47','2022-02-05 05:30:47'),('8f0e795f295a0000978e16a0a215a45088e1265f8a77ebb05b947688a0f6d8872d1e532b8ac04b8d',1,'91f32aa6-b5be-429a-8b3d-d8cb2ecfa570','Personal Access Token','[]',0,'2020-11-27 01:35:33','2020-11-27 01:35:33','2021-05-27 01:35:33'),('8f6db45259976a22956f4f967083d14632a3107ad0a0699f00ab03705c899b2548411a5b46204355',1,'91f32aa6-b5be-429a-8b3d-d8cb2ecfa570','Personal Access Token','[]',0,'2020-11-27 09:48:16','2020-11-27 09:48:16','2021-05-27 09:48:16'),('900109d4d459cfdc01541b88e0080aee9c6744e14a8b6bf5be33dad421b92023b254dbafa6a1b35b',1,'91f32aa6-b5be-429a-8b3d-d8cb2ecfa570','Personal Access Token','[]',0,'2020-11-20 09:32:12','2020-11-20 09:32:12','2021-05-20 09:32:12'),('90435b6b652cd9a9874eeff84bab0a698a660c2186a11633bcacbd94d69fd34e9f97e19d59ccee17',1,'91f32aa6-b5be-429a-8b3d-d8cb2ecfa570','Personal Access Token','[]',0,'2021-06-16 13:19:49','2021-06-16 13:19:49','2021-12-16 13:19:49'),('90c8e9ffbcd802dc001bd93eb298220131dc2f3b7c6b8ce37630c4d226b0cc00b0379282c32529e5',1,'91f32aa6-b5be-429a-8b3d-d8cb2ecfa570','Personal Access Token','[]',0,'2020-11-15 14:56:32','2020-11-15 14:56:32','2021-05-15 14:56:32'),('91a787ca2558b06bf8cf90f9fd5bd2b14b65757c4886859b015b6ba7df12607555ac0961b496b09a',1,'91f32aa6-b5be-429a-8b3d-d8cb2ecfa570','Personal Access Token','[]',0,'2020-11-09 13:48:42','2020-11-09 13:48:42','2021-05-09 13:48:42'),('92028f6e6cba75512bcd2d69927ecb7656078dfc8eb2696ace003dc2c7a06501ef7b02e869a71036',1,'91f32aa6-b5be-429a-8b3d-d8cb2ecfa570','Personal Access Token','[]',0,'2021-06-17 04:15:36','2021-06-17 04:15:36','2021-12-17 04:15:35'),('922b1295a30473cd319d7a64f05081a9283e9d8f3ffe0d19888f259b183cc8dc225afa1d5d0fb01c',1,'91f32aa6-b5be-429a-8b3d-d8cb2ecfa570','Personal Access Token','[]',0,'2021-06-17 13:06:57','2021-06-17 13:06:57','2021-12-17 13:06:57'),('929eec95cb19c5cfd1accd7dd803a41e44f6c260f7d0888fc12de7abe63dd762c7cfd81c140f23fd',1,'91f32aa6-b5be-429a-8b3d-d8cb2ecfa570','Personal Access Token','[]',0,'2020-11-26 04:43:10','2020-11-26 04:43:10','2021-05-26 04:43:10'),('946309118729cda9f53ebc7d3967224ba11b86ce5af52484f2b2e444a857a3894243db0c95855c11',1,'91f32aa6-b5be-429a-8b3d-d8cb2ecfa570','Personal Access Token','[]',0,'2020-11-12 07:27:31','2020-11-12 07:27:31','2021-05-12 07:27:30'),('948db5dacaf0f4b9f55148b26afa289ed4725b262b1cee073d08950383aa5319fcd33d5d15688b7e',1,'91f32aa6-b5be-429a-8b3d-d8cb2ecfa570','Personal Access Token','[]',0,'2020-11-20 07:01:51','2020-11-20 07:01:51','2021-05-20 07:01:51'),('95f087d6bcb950c509d4152298f886e2a0bd8785f4dfe87b7b1dbd01d81a897a2f577af86359f883',1,'91f32aa6-b5be-429a-8b3d-d8cb2ecfa570','Personal Access Token','[]',0,'2020-11-24 06:17:56','2020-11-24 06:17:56','2021-05-24 06:17:56'),('976a850108944ea428fd8011175378a1fd2b4903a5a299f7e38d7639dda6c3edb2da0fbe2d00555d',1,'91f32aa6-b5be-429a-8b3d-d8cb2ecfa570','Personal Access Token','[]',0,'2020-11-17 16:28:15','2020-11-17 16:28:15','2021-05-17 16:28:14'),('976f141f94865cc871fb97d95dc0866c0eeb72b1bb08fd0c107faaadeb79cde9258d58403fb61d38',1,'91f32aa6-b5be-429a-8b3d-d8cb2ecfa570','Personal Access Token','[]',0,'2021-08-17 09:43:44','2021-08-17 09:43:44','2022-02-17 09:43:43'),('97e6b8d6cd03d17d02ee097f3d4c542ce982dd964786e14e3c4565327db6d360382d851c03e9736c',1,'91f32aa6-b5be-429a-8b3d-d8cb2ecfa570','Personal Access Token','[]',0,'2021-06-09 13:51:12','2021-06-09 13:51:12','2021-12-09 13:51:12'),('986d1ded47d75688de7cff58d2c6ea7ac5ac667720db1018cf01bff5c1b6d526ca36997087af30c6',1,'91f32aa6-b5be-429a-8b3d-d8cb2ecfa570','Personal Access Token','[]',0,'2021-08-21 15:38:05','2021-08-21 15:38:05','2022-02-21 15:37:55'),('994b08f579679fd8e6da762b59fb8b306839ba91801fd582c910c63ea33586e0af40db03701d3272',1,'91f32aa6-b5be-429a-8b3d-d8cb2ecfa570','Personal Access Token','[]',0,'2021-06-16 01:49:41','2021-06-16 01:49:41','2021-12-16 01:49:41'),('996a56af260fbc6eed20598f790c44cf04ec4c4960e83539586da55f84b23b99c75dd4778574a6d7',1,'91f32aa6-b5be-429a-8b3d-d8cb2ecfa570','Personal Access Token','[]',0,'2021-06-17 13:46:14','2021-06-17 13:46:14','2021-12-17 13:46:14'),('99851427cca022835130ba3e06e9a01659f37ca623d10b453795aa2383f3c21c713d6fb5a7dcfcd8',1,'91f32aa6-b5be-429a-8b3d-d8cb2ecfa570','Personal Access Token','[]',0,'2020-11-15 14:17:13','2020-11-15 14:17:13','2021-05-15 14:17:13'),('9a2668ab515e3328259689476b0e81c01fb0cdad669168f84ba038c3706e04cd2b74c5c6e0791fb4',1,'91f32aa6-b5be-429a-8b3d-d8cb2ecfa570','Personal Access Token','[]',0,'2021-06-16 01:41:31','2021-06-16 01:41:31','2021-12-16 01:41:30'),('9ab3d2f4007946a6a0a84a2ae3750b035167327a37f2b6aac830de1d0858aa783fafbf3b7967e450',1,'91f32aa6-b5be-429a-8b3d-d8cb2ecfa570','Personal Access Token','[]',0,'2021-07-05 18:04:10','2021-07-05 18:04:10','2022-01-05 18:04:10'),('9acf863ba817ab69e7676e242b1459e8ca9a2cb1de0080baad0f36bd31167e1f040ed74224046fe4',1,'91f32aa6-b5be-429a-8b3d-d8cb2ecfa570','Personal Access Token','[]',0,'2021-07-08 16:08:54','2021-07-08 16:08:54','2022-01-08 16:08:54'),('9ea159c5b8bb6008d1a7c84ef014542b0ddb7f61cc65a62a60d5c360e5d3fa0cf7f76ec51b694ca0',1,'91f32aa6-b5be-429a-8b3d-d8cb2ecfa570','Personal Access Token','[]',0,'2021-06-17 04:18:58','2021-06-17 04:18:58','2021-12-17 04:18:58'),('9ea38d4bb0fbe64288c70fc09079834fc27a01e0fc6244a44b2e8902b8190baa1f6d32c6d6230f99',1,'91f32aa6-b5be-429a-8b3d-d8cb2ecfa570','Personal Access Token','[]',0,'2021-07-03 02:50:10','2021-07-03 02:50:10','2022-01-03 02:50:09'),('9f0899dc6c3921939bd5abc8e1bb6cd72b72b23094a9a8d2bf7a1ad695b2dbfe66963e6ed621bcbe',1,'91f32aa6-b5be-429a-8b3d-d8cb2ecfa570','Personal Access Token','[]',0,'2021-06-08 05:56:10','2021-06-08 05:56:10','2021-12-08 05:56:09'),('9f192ba4366ebc5f61ed74c6c5bd7a6232fbefc45e42549a56f8c43a34eaf829074633881a63e8b5',1,'91f32aa6-b5be-429a-8b3d-d8cb2ecfa570','Personal Access Token','[]',0,'2020-11-19 03:01:51','2020-11-19 03:01:51','2021-05-19 03:01:51'),('9f3bacd7b0b15ba568b2ca50dd36af9a6d34466a4cdab79885e0f4bcd0782a50958d8861448e6c00',1,'91f32aa6-b5be-429a-8b3d-d8cb2ecfa570','Personal Access Token','[]',0,'2020-11-12 08:04:43','2020-11-12 08:04:43','2021-05-12 08:04:42'),('9fa23097917062a838220abdc3b908bf2f28301ac56552c93f42759ae8237bf99036a205e4dfc829',1,'91f32aa6-b5be-429a-8b3d-d8cb2ecfa570','Personal Access Token','[]',0,'2021-05-12 01:20:48','2021-05-12 01:20:48','2021-11-12 01:20:48'),('a05ae2bd4edc67534af40b1aad82d90226db9cdefe8b5fd806e6598f875782ae37114a13c1b6f4f1',1,'91f32aa6-b5be-429a-8b3d-d8cb2ecfa570','Personal Access Token','[]',0,'2021-06-16 16:25:15','2021-06-16 16:25:15','2021-12-16 16:25:15'),('a0dad7ad9a9d64e2c288389521986b950fb396ce7fa056ef3e25ef9d52d545b9772198fc20df7152',1,'91f32aa6-b5be-429a-8b3d-d8cb2ecfa570','Personal Access Token','[]',0,'2021-04-24 09:01:21','2021-04-24 09:01:21','2021-10-24 09:01:20'),('a23867dae178c399cf69bd441ffe257e14dccddb18be2f42d1ebf3a2cd53e1164b3a0cf0ad9902b8',1,'91f32aa6-b5be-429a-8b3d-d8cb2ecfa570','Personal Access Token','[]',0,'2020-11-14 03:47:23','2020-11-14 03:47:23','2021-05-14 03:47:23'),('a26484460fc73281ef5c1e29f1f4e46629ec8374f6154696d501d2f49ef911f3c82fd3ffe170684d',1,'91f32aa6-b5be-429a-8b3d-d8cb2ecfa570','Personal Access Token','[]',0,'2020-11-14 10:17:24','2020-11-14 10:17:24','2021-05-14 10:17:23'),('a3815bd4ca969dd8fcc0d67f7459c2fb6200ae43c0f0f2d86b7f20b1d3e01a1b6d8e6bf4238db28e',1,'91f32aa6-b5be-429a-8b3d-d8cb2ecfa570','Personal Access Token','[]',0,'2021-04-13 18:19:18','2021-04-13 18:19:18','2021-10-13 18:19:18'),('a4388af060c4132b33eefa9861cce165af2278c33240aa92b0ab41df4f4439832462443eaf11a570',1,'91f32aa6-b5be-429a-8b3d-d8cb2ecfa570','Personal Access Token','[]',0,'2020-11-14 05:36:06','2020-11-14 05:36:06','2021-05-14 05:36:06'),('a45d5730d37eece83b2d7e6e6a45ddc306227c0593fe2e3e6203ebde48885e99bfcb3d339f117bf1',1,'91f32aa6-b5be-429a-8b3d-d8cb2ecfa570','Personal Access Token','[]',0,'2021-05-11 02:19:25','2021-05-11 02:19:25','2021-11-11 02:19:25'),('a4a8b56daafd1bbc9d4b13a15c2655625480b5ec607fccb16ad4dbfebde6a4788518fa4187190b17',1,'91f32aa6-b5be-429a-8b3d-d8cb2ecfa570','Personal Access Token','[]',0,'2021-06-17 12:57:02','2021-06-17 12:57:02','2021-12-17 12:57:01'),('a4f1cc49d73f8e03a345b1726490d23bab12dc67b3fa20444731a4091b53c26d88a93d2306316f8b',1,'91f32aa6-b5be-429a-8b3d-d8cb2ecfa570','Personal Access Token','[]',0,'2021-06-23 01:44:00','2021-06-23 01:44:00','2021-12-23 01:44:00'),('a52d50599a503d32a2cb571f530b3575b8c81f4fb0d37fed5bf03c578daea8b1e58480f0fc52ee2c',1,'91f32aa6-b5be-429a-8b3d-d8cb2ecfa570','Personal Access Token','[]',0,'2021-04-15 16:20:08','2021-04-15 16:20:08','2021-10-15 16:20:08'),('a567def11f5f18fd0cfd3b626a7d52aa50137d7ac116c3e3ce108509817c4d7124214614f7a8dc4b',1,'91f32aa6-b5be-429a-8b3d-d8cb2ecfa570','Personal Access Token','[]',0,'2021-08-18 04:09:08','2021-08-18 04:09:08','2022-02-18 04:09:07'),('a56cb9229cdf2db968baee5b09d30ac4625ef193aa9e73e4338f0fd07e6b174cfbf8bfaf6abd48d9',1,'91f32aa6-b5be-429a-8b3d-d8cb2ecfa570','Personal Access Token','[]',0,'2020-11-23 03:18:10','2020-11-23 03:18:10','2021-05-23 03:18:10'),('a5796cbebe511fd797789bbf36cdff2a0b0a02648b6d195d1fd3e620c5526e292621e3cb28ebea84',1,'91f32aa6-b5be-429a-8b3d-d8cb2ecfa570','Personal Access Token','[]',0,'2020-11-15 06:46:36','2020-11-15 06:46:36','2021-05-15 06:46:35'),('a5bf2a555e7a13c43b576ba0da4e9f8c4a0172c717095f87907223c21432f81f1fd139170f2c2e1a',1,'91f32aa6-b5be-429a-8b3d-d8cb2ecfa570','Personal Access Token','[]',0,'2020-11-14 11:45:46','2020-11-14 11:45:46','2021-05-14 11:45:46'),('a6bf99de8213e6f7dbcc00c63af6399a6c281449690b4f37a34811affe7cb3e267d38b4b5ce25d66',1,'91f32aa6-b5be-429a-8b3d-d8cb2ecfa570','Personal Access Token','[]',0,'2021-08-31 14:24:03','2021-08-31 14:24:03','2022-03-03 14:24:03'),('a739f3d4d2727ceee73f4d4c1ed59d9771633650d39e9f347740e27974c62e7469f104d92c7fd73b',1,'91f32aa6-b5be-429a-8b3d-d8cb2ecfa570','Personal Access Token','[]',0,'2021-08-13 03:49:23','2021-08-13 03:49:23','2022-02-13 03:49:23'),('a74640530c98dde04b3d5f02fa8f2327afec16a512e07627a307def2b40a6611e136b6cd1dbbd2ca',1,'91f32aa6-b5be-429a-8b3d-d8cb2ecfa570','Personal Access Token','[]',0,'2020-11-14 04:04:24','2020-11-14 04:04:24','2021-05-14 04:04:24'),('a772b2193b3795db57bf904376e111d69c87270c173a1a13802513847cfeb3569c1c88d65efa8f05',1,'91f32aa6-b5be-429a-8b3d-d8cb2ecfa570','Personal Access Token','[]',0,'2020-11-24 14:51:41','2020-11-24 14:51:41','2021-05-24 14:51:40'),('a8aec2e1adb09434d828d05ca33433cc8b599fe5570c2e3c7c98ae1ce2d20aea20f0127d80ca228c',1,'91f32aa6-b5be-429a-8b3d-d8cb2ecfa570','Personal Access Token','[]',0,'2020-11-23 03:19:57','2020-11-23 03:19:57','2021-05-23 03:19:57'),('a9b554b7cd32a563bcce1ff8bb81538de1a8dea7e4bb011d47097269bbb1238d2693bad61d6b8ae2',1,'91f32aa6-b5be-429a-8b3d-d8cb2ecfa570','Personal Access Token','[]',0,'2020-11-15 02:00:23','2020-11-15 02:00:23','2021-05-15 02:00:22'),('aa8ef571601b326ec0aa68fbca05950897705d3c3926ab27949fd40e4f63f9b7505a97415d6f62cb',1,'91f32aa6-b5be-429a-8b3d-d8cb2ecfa570','Personal Access Token','[]',0,'2020-11-15 03:32:33','2020-11-15 03:32:33','2021-05-15 03:32:33'),('aaa1112845b871975d116acb339f067e662b7928cfb45883ff172307ff1d3f7aadd5cb497f8732fb',1,'91f32aa6-b5be-429a-8b3d-d8cb2ecfa570','Personal Access Token','[]',0,'2021-08-22 03:39:30','2021-08-22 03:39:30','2022-02-22 03:39:22'),('aaaf7ee7101a0197099ad1faddbe9c14f42aa1fabaaf49c53735fc73013a111035a8cf7a477ab8f7',1,'91f32aa6-b5be-429a-8b3d-d8cb2ecfa570','Personal Access Token','[]',0,'2021-04-09 16:19:47','2021-04-09 16:19:47','2021-10-09 16:19:47'),('ab0c8587f0fd5f52d624466646f31606213bd84b6c3739e1721b5bde1d40edb9e01af8ac8cafc5d6',1,'91f32aa6-b5be-429a-8b3d-d8cb2ecfa570','Personal Access Token','[]',0,'2020-11-09 13:54:09','2020-11-09 13:54:09','2021-05-09 13:54:08'),('ab2de40fb4cc22bc731b3ece6b8a1e8d5d7f1eeb48109c64dc53e45908ac4ce611e90ad821069458',1,'91f32aa6-b5be-429a-8b3d-d8cb2ecfa570','Personal Access Token','[]',0,'2020-11-14 05:24:06','2020-11-14 05:24:06','2021-05-14 05:24:06'),('ab4f3c75969519f82c9996546c7246660095ab3da0715453a5661a6c300d0306db63e7002700d0ec',1,'91f32aa6-b5be-429a-8b3d-d8cb2ecfa570','Personal Access Token','[]',0,'2020-11-18 03:11:34','2020-11-18 03:11:34','2021-05-18 03:11:34'),('ac0646c1ca595dc364914fc535f03a89bf6f36d4ec7d1892689d357d8aa3e4ea9adeef0b0a61e3c3',1,'91f32aa6-b5be-429a-8b3d-d8cb2ecfa570','Personal Access Token','[]',0,'2021-09-07 08:05:24','2021-09-07 08:05:24','2022-03-07 08:05:24'),('ac0de72b7a1a93d3287630c27aa33fc1d3668c4e221bb5f6aad15a36ef912ef7721353d2e3aed998',1,'91f32aa6-b5be-429a-8b3d-d8cb2ecfa570','Personal Access Token','[]',0,'2021-08-18 04:08:58','2021-08-18 04:08:58','2022-02-18 04:08:58'),('acaede94e892e80bce389992a1a40ba961947e6517d68cf516cd48b3991c762a9b3c514d7eb07d87',1,'91f32aa6-b5be-429a-8b3d-d8cb2ecfa570','Personal Access Token','[]',0,'2021-06-23 01:30:39','2021-06-23 01:30:39','2021-12-23 01:30:39'),('add125159323b8c62d9ecdc9d6679620d456ba317bd1e37612774f4bbaf749e9a08cc20210f100ce',1,'91f32aa6-b5be-429a-8b3d-d8cb2ecfa570','Personal Access Token','[]',0,'2020-11-16 16:14:27','2020-11-16 16:14:27','2021-05-16 16:14:26'),('ae01121d2913d470cb4f80139894f9378b45c7cd26d695c93880de6c8fc146468f259d511d910173',1,'91f32aa6-b5be-429a-8b3d-d8cb2ecfa570','Personal Access Token','[]',0,'2021-08-14 02:09:55','2021-08-14 02:09:55','2022-02-14 02:09:54'),('aee1e9a92fafa80b0f0c288c11bf0d9de1277c574c713347afb5fa9e1c102e36bbde7324582219c9',1,'91f32aa6-b5be-429a-8b3d-d8cb2ecfa570','Personal Access Token','[]',0,'2021-07-08 14:00:55','2021-07-08 14:00:55','2022-01-08 14:00:55'),('aee93bb69b71fc9b9b1cc75de07007830ebd305cf324c5b8ba259920fe4789ef2f65ceb6f754167f',1,'91f32aa6-b5be-429a-8b3d-d8cb2ecfa570','Personal Access Token','[]',0,'2020-11-20 13:52:39','2020-11-20 13:52:39','2021-05-20 13:52:39'),('af3310022cafb5cbd1e2acd7839f91f73c0e44fcf604a3e8126300b7cf8da6fc5a9400cd4426a283',1,'91f32aa6-b5be-429a-8b3d-d8cb2ecfa570','Personal Access Token','[]',0,'2021-09-10 02:31:00','2021-09-10 02:31:00','2022-03-10 02:31:00'),('af941413caec3ac7d53b00cf3e4a5ca6230901d7be365141093b7b5d1be3b9d56b3a351a44f8f7b1',1,'91f32aa6-b5be-429a-8b3d-d8cb2ecfa570','Personal Access Token','[]',0,'2020-11-14 10:46:08','2020-11-14 10:46:08','2021-05-14 10:46:08'),('afb7031e86b20d053d984a6e269a2e1ab5d1116b0cf4c0077c74af0ba576f176ca336a8fdff5e015',1,'91f32aa6-b5be-429a-8b3d-d8cb2ecfa570','Personal Access Token','[]',0,'2021-04-09 16:25:57','2021-04-09 16:25:57','2021-10-09 16:25:57'),('b085d5732e3bc3dd38d09695fcf95804eda37422edade1f97744a2ff2c119a0d561cb4c37bf4326a',1,'91f32aa6-b5be-429a-8b3d-d8cb2ecfa570','Personal Access Token','[]',0,'2021-07-09 04:24:10','2021-07-09 04:24:10','2022-01-09 04:24:09'),('b0caebb38ea20d8bd05aea0804dea090cd415f6d95261d6424eb8a97c1a65fff2aab7b3de49d9bb4',1,'91f32aa6-b5be-429a-8b3d-d8cb2ecfa570','Personal Access Token','[]',0,'2020-11-27 08:07:15','2020-11-27 08:07:15','2021-05-27 08:07:15'),('b15459c51cf20a91100d93618282087cedfe16f067f514ecabcd1815151c67c94266db948e226a32',1,'91f32aa6-b5be-429a-8b3d-d8cb2ecfa570','Personal Access Token','[]',0,'2021-04-10 16:23:48','2021-04-10 16:23:48','2021-10-10 16:23:48'),('b1f7ed6526dfb56b1be6ce85172f9b973f1c5e6e2681c627c8fd78e7098f7d759ffe5f6600cfba79',1,'91f32aa6-b5be-429a-8b3d-d8cb2ecfa570','Personal Access Token','[]',0,'2021-08-17 15:36:39','2021-08-17 15:36:39','2022-02-17 15:36:39'),('b215984af18d4084ee3e6331ffd39bef4b6d7a8ff846b74f8a3a22e4cf4966ea9290df1bb30842ae',1,'91f32aa6-b5be-429a-8b3d-d8cb2ecfa570','Personal Access Token','[]',0,'2020-11-18 23:34:25','2020-11-18 23:34:25','2021-05-18 23:34:25'),('b23b97dce51a724a2c40589ce00e4289cb29a8f8f550c76726835b5c788f29c3a792d2c9e70f8702',1,'91f32aa6-b5be-429a-8b3d-d8cb2ecfa570','Personal Access Token','[]',0,'2021-08-29 09:59:01','2021-08-29 09:59:01','2022-03-01 09:59:01'),('b24924fef7d826f436614d7fadaffba6edc07d9072eed36348bcdc812e801f76f233a96be59cba66',1,'91f32aa6-b5be-429a-8b3d-d8cb2ecfa570','Personal Access Token','[]',0,'2021-06-02 05:45:48','2021-06-02 05:45:48','2021-12-02 05:45:48'),('b26c730c37852bafdc6ef71cd013891345181a0301e6922ef9d1010f96ddad7d5531f5fded5ef6d6',1,'91f32aa6-b5be-429a-8b3d-d8cb2ecfa570','Personal Access Token','[]',0,'2021-06-23 16:02:49','2021-06-23 16:02:49','2021-12-23 16:02:48'),('b2a0f2bd90f7d7a64a3a4a37a2f6f0a44e7eedd50c169d58a15e49e1af71b579b8d4e2910ffa2767',1,'91f32aa6-b5be-429a-8b3d-d8cb2ecfa570','Personal Access Token','[]',0,'2020-11-12 07:52:31','2020-11-12 07:52:31','2021-05-12 07:52:31'),('b2fca60c7cb6cb5e9b3cf868f91a7a3ac97a919efed88bea06563d0e462ca72f949affc1c1fd082c',1,'91f32aa6-b5be-429a-8b3d-d8cb2ecfa570','Personal Access Token','[]',0,'2020-11-09 13:47:40','2020-11-09 13:47:40','2021-05-09 13:47:39'),('b323f92014c7cfbe9c5cd8f3a0b1b01158d100eaaf1da7da172589f0d04d63df667557d66b7bd2fa',1,'91f32aa6-b5be-429a-8b3d-d8cb2ecfa570','Personal Access Token','[]',0,'2020-11-14 09:30:14','2020-11-14 09:30:14','2021-05-14 09:30:14'),('b387e914c12e84305b529c76f14788e72e291dc56e70afe6bfc18a025454d46285c41709ec622475',1,'91f32aa6-b5be-429a-8b3d-d8cb2ecfa570','Personal Access Token','[]',0,'2020-11-20 09:33:43','2020-11-20 09:33:43','2021-05-20 09:33:43'),('b45c9429ba7e1422270a06e4da96aafd1b04434af484fe6c0a7b2e100ea1e0406a9b9e241a6f4dd9',1,'91f32aa6-b5be-429a-8b3d-d8cb2ecfa570','Personal Access Token','[]',0,'2021-08-13 03:54:25','2021-08-13 03:54:25','2022-02-13 03:54:25'),('b4aa84ee7776bb858d200025693ba92a65f0e7265d2b5b5eb39ec5959d03158b21a823b2127a409f',1,'91f32aa6-b5be-429a-8b3d-d8cb2ecfa570','Personal Access Token','[]',0,'2020-11-20 16:40:24','2020-11-20 16:40:24','2021-05-20 16:40:24'),('b4f8a73561fa0335df08f95e2c987effa66f8c24c2a22eecdc4589a16e747796098dc4f95b301b0b',1,'91f32aa6-b5be-429a-8b3d-d8cb2ecfa570','Personal Access Token','[]',0,'2021-07-03 06:36:01','2021-07-03 06:36:01','2022-01-03 06:36:01'),('b5da18c66b4eb550e5686c3e4156f36603beb4bbc40f201759a10e6a08067add33637f4bfba77a0a',1,'91f32aa6-b5be-429a-8b3d-d8cb2ecfa570','Personal Access Token','[]',0,'2021-08-31 09:24:41','2021-08-31 09:24:41','2022-03-03 09:24:41'),('b5e27a3d4a62f89deb6ddc694ec81b40f73383b751e67598a8e7eed8ae5960efa666750d019593d5',1,'91f32aa6-b5be-429a-8b3d-d8cb2ecfa570','Personal Access Token','[]',0,'2021-07-09 04:29:20','2021-07-09 04:29:20','2022-01-09 04:29:20'),('b5e4d36cfb5e0d0632b9555bc5882af1b17ad98536d954bb5f8df56ae725ab5068a14fee2c143170',1,'91f32aa6-b5be-429a-8b3d-d8cb2ecfa570','Personal Access Token','[]',0,'2020-11-16 15:42:54','2020-11-16 15:42:54','2021-05-16 15:42:53'),('b668d50931ede62f2788c9ea1799afd1a9ea959405f0311e043ea56c4eb09946aeb3bc6008884c12',1,'91f32aa6-b5be-429a-8b3d-d8cb2ecfa570','Personal Access Token','[]',0,'2020-11-13 06:47:52','2020-11-13 06:47:52','2021-05-13 06:47:52'),('b68ef9b53c1f1727200114586281cd4f92d9a65472ee1aaad3f54a57884dc8c783de4405c0b4d75c',1,'91f32aa6-b5be-429a-8b3d-d8cb2ecfa570','Personal Access Token','[]',0,'2020-11-19 03:01:35','2020-11-19 03:01:35','2021-05-19 03:01:35'),('b7769b6f08e88e64a94e15b5afcbfae55cc93ea059cf611d810db5fd3d2f66cba7bdc9a325dac846',1,'91f32aa6-b5be-429a-8b3d-d8cb2ecfa570','Personal Access Token','[]',0,'2020-11-14 01:14:40','2020-11-14 01:14:40','2021-05-14 01:14:40'),('b8a1a25175fb3ba3aaa61cf052747fe55ae19e1bb3d013b3dd80de0150fef39052777db10c68e3a9',1,'91f32aa6-b5be-429a-8b3d-d8cb2ecfa570','Personal Access Token','[]',0,'2021-07-05 04:52:57','2021-07-05 04:52:57','2022-01-05 04:52:56'),('b8af33618bab147f0f27bbc3e59665548c2fb7ad8d63742addcc0e50f9e65ac299904ebb760f9353',1,'91f32aa6-b5be-429a-8b3d-d8cb2ecfa570','Personal Access Token','[]',0,'2021-06-17 14:13:11','2021-06-17 14:13:11','2021-12-17 14:13:11'),('b90659ddef45ab326a350cae19482133b20b75d954d52d4d4c08bf996f75d2e974fca9897f30532b',1,'91f32aa6-b5be-429a-8b3d-d8cb2ecfa570','Personal Access Token','[]',0,'2020-11-12 14:04:54','2020-11-12 14:04:54','2021-05-12 14:04:54'),('b9a41e7a2d5cd3d43754402eb313885bce8d178eeb994c26dd0df166be9d4cfc2773babb317c101c',1,'91f32aa6-b5be-429a-8b3d-d8cb2ecfa570','Personal Access Token','[]',0,'2020-11-10 14:14:32','2020-11-10 14:14:32','2021-05-10 14:14:32'),('b9dda6ae63770284573b36bcfacce4d3fd21dfc51374a85c87479421c9e147dc9e60f7c29a0d432e',1,'91f32aa6-b5be-429a-8b3d-d8cb2ecfa570','Personal Access Token','[]',0,'2021-08-22 03:46:12','2021-08-22 03:46:12','2022-02-22 03:46:03'),('ba00b0204a18fde95ab1810c367198a5b6ae003bd003141221e23c8b6ce2ab1960405a3146fced64',1,'91f32aa6-b5be-429a-8b3d-d8cb2ecfa570','Personal Access Token','[]',0,'2021-07-04 06:53:41','2021-07-04 06:53:41','2022-01-04 06:53:41'),('bad9c41633d391710af13e2801cef9b2e3907365fefc4a075650edcf74f11f1019d29c762822a4b4',1,'91f32aa6-b5be-429a-8b3d-d8cb2ecfa570','Personal Access Token','[]',0,'2021-06-17 03:20:14','2021-06-17 03:20:14','2021-12-17 03:20:14'),('bb2fa1f103985ae6a787756bfa1c28724b11ab70b63379f5e37bff6843bb3250654e99d1069d0c9a',1,'91f32aa6-b5be-429a-8b3d-d8cb2ecfa570','Personal Access Token','[]',0,'2021-04-07 13:15:00','2021-04-07 13:15:00','2021-10-07 13:15:00'),('bba6853063a3ff01526da0e66d9c4183d24cb79e43ddaf64b9367dd9dc84de63e5fcdb1792a6a3db',1,'91f32aa6-b5be-429a-8b3d-d8cb2ecfa570','Personal Access Token','[]',0,'2021-07-06 13:21:10','2021-07-06 13:21:10','2022-01-06 13:21:10'),('bbabf39fe1d85c9aa3fc7bc23dafebab1f318f452a87e5c6774c6160e738d453222605970c7d2ab7',1,'91f32aa6-b5be-429a-8b3d-d8cb2ecfa570','Personal Access Token','[]',0,'2020-11-27 07:48:18','2020-11-27 07:48:18','2021-05-27 07:48:18'),('bc2e52d861d2ffb02bc2fc18e3e576ad54fe87cab0c9571d9eb8e55f4033e9df27e452d87dd248f3',1,'91f32aa6-b5be-429a-8b3d-d8cb2ecfa570','Personal Access Token','[]',0,'2021-06-09 14:31:55','2021-06-09 14:31:55','2021-12-09 14:31:55'),('bcfbdb84a6c9ca320a54708f1697982ed85a4af37860330b4047eafc119d1d3fea497e2cd72e5de0',1,'91f32aa6-b5be-429a-8b3d-d8cb2ecfa570','Personal Access Token','[]',0,'2021-06-17 18:35:19','2021-06-17 18:35:19','2021-12-17 18:35:19'),('bd5e76b7de318813653f705af56a94a7292451defb971b7bcef546ba635d8eca93d989805ac01a71',1,'91f32aa6-b5be-429a-8b3d-d8cb2ecfa570','Personal Access Token','[]',0,'2021-06-17 03:20:08','2021-06-17 03:20:08','2021-12-17 03:20:08'),('bd797b6f153a5e54672b29fb7bb97bf68581793fcb61e759da873a2670d36cb9af316ff1493843d8',1,'91f32aa6-b5be-429a-8b3d-d8cb2ecfa570','Personal Access Token','[]',0,'2020-11-15 01:28:12','2020-11-15 01:28:12','2021-05-15 01:28:12'),('bdbac6eb557f2d9bfafbacf4f51a3a38d3e16dee53fce4638c4951f5a68db16b660d1ee5883d72a7',1,'91f32aa6-b5be-429a-8b3d-d8cb2ecfa570','Personal Access Token','[]',0,'2021-06-20 13:06:59','2021-06-20 13:06:59','2021-12-20 13:06:58'),('bde3a8873291a0b662c6b666526b648dbee896f8af4bad6f1df43f9f0775062c0c391958637c332c',1,'91f32aa6-b5be-429a-8b3d-d8cb2ecfa570','Personal Access Token','[]',0,'2020-11-23 04:21:55','2020-11-23 04:21:55','2021-05-23 04:21:55'),('bf0befcd3511cb03d0bbea389a52d7316e3300b4914120b04e0c719f823dea5f4f1295492c227350',1,'91f32aa6-b5be-429a-8b3d-d8cb2ecfa570','Personal Access Token','[]',0,'2021-07-07 15:22:16','2021-07-07 15:22:16','2022-01-07 15:22:16'),('c225ab5cdb89b00c4cda762ded072befa098ab6ea69729c0f456ee5b25fc1133c43dfa2ef61c5c0b',1,'91f32aa6-b5be-429a-8b3d-d8cb2ecfa570','Personal Access Token','[]',0,'2020-11-23 03:38:12','2020-11-23 03:38:12','2021-05-23 03:38:12'),('c232c76c4d87705e32c57f7af27017d3eef1a803fe039bf5c507e3d816ab50e368f75b8cf1c5288d',1,'91f32aa6-b5be-429a-8b3d-d8cb2ecfa570','Personal Access Token','[]',0,'2021-06-17 01:47:36','2021-06-17 01:47:36','2021-12-17 01:47:36'),('c3106e893588ce9dc9d2f9dcfbb0bc35ab158f2e370fd6c48fbee2f57304653761d384d12844a43d',1,'91f32aa6-b5be-429a-8b3d-d8cb2ecfa570','Personal Access Token','[]',0,'2020-11-18 16:19:12','2020-11-18 16:19:12','2021-05-18 16:19:12'),('c41fbc0ee25af3b8873af934502e0ec91efb396c2b3f0c8b871be2982e0ed099d3d1473df05363c1',1,'91f32aa6-b5be-429a-8b3d-d8cb2ecfa570','Personal Access Token','[]',0,'2021-08-18 04:13:06','2021-08-18 04:13:06','2022-02-18 04:13:06'),('c4596574d557d349dc49885370471a0c4019b6d4a12eaf08b4c9aabfdba4bce9503642d11ae226ba',1,'91f32aa6-b5be-429a-8b3d-d8cb2ecfa570','Personal Access Token','[]',0,'2021-06-24 02:59:58','2021-06-24 02:59:58','2021-12-24 02:59:57'),('c5ba4282e4d52ead069a2dcc4d3007ad723f5ccda91cb156ae67358797dc280b327a4fed780d467d',1,'91f32aa6-b5be-429a-8b3d-d8cb2ecfa570','Personal Access Token','[]',0,'2021-06-15 15:39:02','2021-06-15 15:39:02','2021-12-15 15:39:02'),('c7ea16ad473bfd7069372727191c42cf59965c58854006ba9e3ea2394ec4824166e126dee39796a9',1,'91f32aa6-b5be-429a-8b3d-d8cb2ecfa570','Personal Access Token','[]',0,'2020-11-13 14:44:44','2020-11-13 14:44:44','2021-05-13 14:44:44'),('c813fc61f1e2f22b902a08a5d4cabee9c783bdd7e11fab7465b609a7b73dd36e9203441ba55c4f59',1,'91f32aa6-b5be-429a-8b3d-d8cb2ecfa570','Personal Access Token','[]',0,'2021-08-13 03:57:11','2021-08-13 03:57:11','2022-02-13 03:57:11'),('c8838494476e0c502ebd91834cfc33b9c9f030740bccfc8035e3d6735e82d8d73c0d3c0826b7fb5d',1,'91f32aa6-b5be-429a-8b3d-d8cb2ecfa570','Personal Access Token','[]',0,'2020-11-17 07:33:34','2020-11-17 07:33:34','2021-05-17 07:33:33'),('c899f0a6f343e5f262dbf8d06c902eb6a8c1d76b5f6b84a4b593f5b77df88726f645fad5601dec44',1,'91f32aa6-b5be-429a-8b3d-d8cb2ecfa570','Personal Access Token','[]',0,'2021-02-02 01:20:41','2021-02-02 01:20:41','2021-08-02 01:20:40'),('c8a933ced2b08d8301c1ed3110fe21adfa7c08e352d011b75d705a35180356575462bee8ccae5d57',1,'91f32aa6-b5be-429a-8b3d-d8cb2ecfa570','Personal Access Token','[]',0,'2020-11-17 14:45:07','2020-11-17 14:45:07','2021-05-17 14:45:06'),('c92bf8fe767ee8cd2e9d9c63c45d99b75538422bf63eb93d2b8e9ebc6d9efa8de99daf1825ffb523',1,'91f32aa6-b5be-429a-8b3d-d8cb2ecfa570','Personal Access Token','[]',0,'2021-08-20 07:20:33','2021-08-20 07:20:33','2022-02-20 07:20:24'),('ca321898fca5a1a05c1a20f7cb3ea0018dfe8412ce95ae311a01e4b56e7d935ce59d4f270a32c96c',1,'91f32aa6-b5be-429a-8b3d-d8cb2ecfa570','Personal Access Token','[]',0,'2021-04-09 16:24:03','2021-04-09 16:24:03','2021-10-09 16:24:03'),('cb520c6ed1c8763c1dfc8d1e5150b7f6baacbd1fc86c02c66258a753fd769615b62db2e8e6ad4884',1,'91f32aa6-b5be-429a-8b3d-d8cb2ecfa570','Personal Access Token','[]',0,'2020-11-12 07:50:05','2020-11-12 07:50:05','2021-05-12 07:50:04'),('cc536d7326a74ba9a35eb0bc749fee101d882b85de030af5dc5f5828977406b3e3cca9f5ebb98a27',1,'91f32aa6-b5be-429a-8b3d-d8cb2ecfa570','Personal Access Token','[]',0,'2020-11-23 04:22:28','2020-11-23 04:22:28','2021-05-23 04:22:28'),('cd001af08c9d9237b4da1bc40187ca8d96cd12fe72336a5c64f1a79e5178bfa1d0980607197e0f4a',1,'91f32aa6-b5be-429a-8b3d-d8cb2ecfa570','Personal Access Token','[]',0,'2021-06-20 15:42:56','2021-06-20 15:42:56','2021-12-20 15:42:56'),('cd4bd2deb55277c8e85082e4160aba0b6f48b89f19c738718ecb80a6e888587ff07e684aed3c7c1f',1,'91f32aa6-b5be-429a-8b3d-d8cb2ecfa570','Personal Access Token','[]',0,'2021-06-16 01:42:56','2021-06-16 01:42:56','2021-12-16 01:42:56'),('cd91f41ccfe27a9dd0b22fc6ac0d265813fa1d56e5a1aa3ee767dfb8d41f4ca47ad71114749a652a',1,'91f32aa6-b5be-429a-8b3d-d8cb2ecfa570','Personal Access Token','[]',0,'2020-11-14 06:00:32','2020-11-14 06:00:32','2021-05-14 06:00:32'),('cf4fb2d98db5ebc402166bca31311e74245d7d02309bc1501dbdaadb460fe7a06b2f64e22f482c45',1,'91f32aa6-b5be-429a-8b3d-d8cb2ecfa570','Personal Access Token','[]',0,'2021-07-03 05:26:22','2021-07-03 05:26:22','2022-01-03 05:26:22'),('cfd13861eb65b523cf58df4ca16d1d2d0639687a25426b8b0d2bd6f49379839cff9899e630673826',1,'91f32aa6-b5be-429a-8b3d-d8cb2ecfa570','Personal Access Token','[]',0,'2021-09-07 07:58:07','2021-09-07 07:58:07','2022-03-07 07:58:07'),('d041ca44ce6afc89df783c74c89ccdc08531c03f05915bfc5e7be59488ce1376a9c51602c6882d9d',1,'91f32aa6-b5be-429a-8b3d-d8cb2ecfa570','Personal Access Token','[]',0,'2021-06-17 17:34:37','2021-06-17 17:34:37','2021-12-17 17:34:37'),('d074cef9d55abba7caafe9ca2463540043b9c9b3ef42e03e54fdebce532c7e8857dd49cbe43c6828',1,'91f32aa6-b5be-429a-8b3d-d8cb2ecfa570','Personal Access Token','[]',0,'2020-11-19 06:54:39','2020-11-19 06:54:39','2021-05-19 06:54:38'),('d10fbe766ed1552896a5bb0f76b99223757d4d4b6abc3f26b0778d09b3479b3bf350fc1fd99b10b4',1,'91f32aa6-b5be-429a-8b3d-d8cb2ecfa570','Personal Access Token','[]',0,'2021-06-11 03:50:44','2021-06-11 03:50:44','2021-12-11 03:50:44'),('d1117e473c52d0a001ed75c72ed0f970adb20900711a2ebdd712d18d665142ce2b755d9a74721ca6',1,'91f32aa6-b5be-429a-8b3d-d8cb2ecfa570','Personal Access Token','[]',0,'2021-06-17 17:25:13','2021-06-17 17:25:13','2021-12-17 17:25:13'),('d1b24b8e40f7033c70a3ed646d429514a0c40451f0e82eed86537419888e09d53371311939ee499d',1,'91f32aa6-b5be-429a-8b3d-d8cb2ecfa570','Personal Access Token','[]',0,'2020-11-10 05:22:15','2020-11-10 05:22:15','2021-05-10 05:22:15'),('d1c8cf5f7d2d1e1c6b83b3c2be27c17cdcf36e4f005888f1fbbcd34264efb0f38877b22dffbcc3be',1,'91f32aa6-b5be-429a-8b3d-d8cb2ecfa570','Personal Access Token','[]',0,'2021-08-17 15:33:26','2021-08-17 15:33:26','2022-02-17 15:33:26'),('d2745b7a809997d95ef0d4ce4ebbac8b3c333eac833b6cf519125e399e1948fd67d4acb80537c93b',1,'91f32aa6-b5be-429a-8b3d-d8cb2ecfa570','Personal Access Token','[]',0,'2021-08-20 07:19:30','2021-08-20 07:19:30','2022-02-20 07:19:23'),('d30d92fb2cde51149e22604d1b7568406f05d6d5a546cc0e3d59b5aebf4abfab38012454429be7e4',1,'91f32aa6-b5be-429a-8b3d-d8cb2ecfa570','Personal Access Token','[]',0,'2021-08-29 02:21:57','2021-08-29 02:21:57','2022-03-01 02:21:57'),('d31392214cfe5d526d913aa15ed41a078062c5f9492ac1d814da23098aa0783d16e00da6cde0b7a3',1,'91f32aa6-b5be-429a-8b3d-d8cb2ecfa570','Personal Access Token','[]',0,'2021-08-28 17:20:14','2021-08-28 17:20:14','2022-02-28 17:20:14'),('d431d3aea0746b2679b7dd99a7ac6eaee00d3a0a5e4af8ebfc019363a2eaeb95588f4b1114a5d76f',1,'91f32aa6-b5be-429a-8b3d-d8cb2ecfa570','Personal Access Token','[]',0,'2021-06-15 17:15:50','2021-06-15 17:15:50','2021-12-15 17:15:50'),('d49a4a0c8ad5aa94f534e2834e96028c1df5f84a5c92256086abf6835db9a46ceebba5838716a67b',1,'91f32aa6-b5be-429a-8b3d-d8cb2ecfa570','Personal Access Token','[]',0,'2021-06-23 01:49:16','2021-06-23 01:49:16','2021-12-23 01:49:16'),('d4e273339ce7d1a832b9e5712dffdfb172ae6987fa11421ba52e3eea61a2303752e3df1ea7e8708f',1,'91f32aa6-b5be-429a-8b3d-d8cb2ecfa570','Personal Access Token','[]',0,'2020-11-15 14:17:26','2020-11-15 14:17:26','2021-05-15 14:17:26'),('d5422dde82f8d7b1e88c2daf0474137abe3339c013d1edaef674c1a593123598507439046b00ac0b',1,'91f32aa6-b5be-429a-8b3d-d8cb2ecfa570','Personal Access Token','[]',0,'2020-11-27 10:30:05','2020-11-27 10:30:05','2021-05-27 10:30:05'),('d57ed3326f101ddd912d623f6f2e4ee65ee48f98a101706fdf43b7f7f0f400142c9ccbc815ab4a6a',1,'91f32aa6-b5be-429a-8b3d-d8cb2ecfa570','Personal Access Token','[]',0,'2021-09-01 05:37:49','2021-09-01 05:37:49','2022-03-01 05:37:49'),('d5dc6a4294e584c1ca8700e43af0898c0319ef60c23beebc3be5971937bbbe56597ca02ba057f7e9',1,'91f32aa6-b5be-429a-8b3d-d8cb2ecfa570','Personal Access Token','[]',0,'2021-08-17 13:41:00','2021-08-17 13:41:00','2022-02-17 13:41:00'),('d5fccbb423afbeb5741fcf0b1ae7c731c5bb3a581f13b50eeae0102181dce48bf35cf59c3573dacf',1,'91f32aa6-b5be-429a-8b3d-d8cb2ecfa570','Personal Access Token','[]',0,'2020-11-14 14:58:27','2020-11-14 14:58:27','2021-05-14 14:58:27'),('d61618408e4c5a8247a551df5fa8734ebed35be4abc6b620f10dc36ed63c62e14b2026920891ed3c',1,'91f32aa6-b5be-429a-8b3d-d8cb2ecfa570','Personal Access Token','[]',0,'2021-07-24 03:53:04','2021-07-24 03:53:04','2022-01-24 03:53:03'),('d67d28283680cfedf54405e4aeb54ac29ddc81e39e8b4f2eb76d128f60f23a9a4775bbbc924b2f36',1,'91f32aa6-b5be-429a-8b3d-d8cb2ecfa570','Personal Access Token','[]',0,'2020-11-15 01:28:10','2020-11-15 01:28:10','2021-05-15 01:28:10'),('d6867650d0fa3dc8dfd931d3b08a03a0cb2f27fa46bbce59c3933666c2da19a923d148b6e93daa08',1,'91f32aa6-b5be-429a-8b3d-d8cb2ecfa570','Personal Access Token','[]',0,'2021-06-24 07:10:04','2021-06-24 07:10:04','2021-12-24 07:10:04'),('d69c26fed520e166e1358c4c852ce6f03d0c763e8c22dce25e19b9eec6a2c2f5a0dee32c1c03dd6d',1,'91f32aa6-b5be-429a-8b3d-d8cb2ecfa570','Personal Access Token','[]',0,'2020-11-15 14:52:45','2020-11-15 14:52:45','2021-05-15 14:52:45'),('d7b83f1def4e05b1c1765b556ab8145e736315493f4dc5be6306301fc2a448db8ec9b9d5f9ce7c88',1,'91f32aa6-b5be-429a-8b3d-d8cb2ecfa570','Personal Access Token','[]',0,'2021-05-03 15:47:04','2021-05-03 15:47:04','2021-11-03 15:47:04'),('d9d5a0d623a2c4d29143400ce43ba8fdd20c354fa7287321e037335b8de78e1a0ed457f1bf54c168',1,'91f32aa6-b5be-429a-8b3d-d8cb2ecfa570','Personal Access Token','[]',0,'2021-08-17 10:09:44','2021-08-17 10:09:44','2022-02-17 10:09:43'),('da31a45fe109cefdc053272e45876e31c67dfb28caa53bc50928e2955cbabaf941671b0c9ecf1276',1,'91f32aa6-b5be-429a-8b3d-d8cb2ecfa570','Personal Access Token','[]',0,'2020-11-12 08:01:26','2020-11-12 08:01:26','2021-05-12 08:01:26'),('da3dbd341b80f6c954b34e06c8002c5a359768d30ac58b1f6ac9c5467e9729aa1c9426b0f21b928d',1,'91f32aa6-b5be-429a-8b3d-d8cb2ecfa570','Personal Access Token','[]',0,'2020-11-13 14:27:33','2020-11-13 14:27:33','2021-05-13 14:27:33'),('da4ab99cea9fc356bcbba7b33754dfd16fee9ad47b919f3fca7e1f1d3d219454770b10020eada8f4',1,'91f32aa6-b5be-429a-8b3d-d8cb2ecfa570','Personal Access Token','[]',0,'2021-07-23 10:57:56','2021-07-23 10:57:56','2022-01-23 10:57:55'),('db884071d225f159213402c9f4724fa1bfcfbb43f7acd07d34d354472e6f5d438d4a4c4dc6072177',1,'91f32aa6-b5be-429a-8b3d-d8cb2ecfa570','Personal Access Token','[]',0,'2020-11-10 06:20:23','2020-11-10 06:20:23','2021-05-10 06:20:23'),('dbe9283e1a4a9874b5ce45cf79540df1ae8b1c131461a067f6d70f4c58e21bf2051d2db6531c1559',1,'91f32aa6-b5be-429a-8b3d-d8cb2ecfa570','Personal Access Token','[]',0,'2021-04-12 07:24:34','2021-04-12 07:24:34','2021-10-12 07:24:34'),('dc189f80819f86e556be7086b5e2d66ff04a1b27c85c196d48d8fd60a87d41c4a1a0e89ea433dad8',1,'91f32aa6-b5be-429a-8b3d-d8cb2ecfa570','Personal Access Token','[]',0,'2021-08-14 09:33:39','2021-08-14 09:33:39','2022-02-14 09:33:38'),('dc2b1722db8ef19a73e97ff197db2bdd608352f0bcbd5efd86679f5f2701cbfb5186116b7daaa7a0',1,'91f32aa6-b5be-429a-8b3d-d8cb2ecfa570','Personal Access Token','[]',0,'2021-06-17 18:43:42','2021-06-17 18:43:42','2021-12-17 18:43:41'),('de518266d94632c1abe175e2f575f8354a2ed38fbe0ec56dc4c118ba79f8f8e578ea5d7defedb3a4',1,'91f32aa6-b5be-429a-8b3d-d8cb2ecfa570','Personal Access Token','[]',0,'2020-11-27 01:01:10','2020-11-27 01:01:10','2021-05-27 01:01:09'),('de67696eac91f0a13d8bd1f46941b5b001c1dee12dd47e705b35b32fa0432bf486620b5086614f1c',1,'91f32aa6-b5be-429a-8b3d-d8cb2ecfa570','Personal Access Token','[]',0,'2021-06-08 14:15:09','2021-06-08 14:15:09','2021-12-08 14:15:09'),('de6c61f5d7f39e8243b88bcfa8039597df08faedcba94845e28d9ca1c08ec85c3a42468aa70c9c65',1,'91f32aa6-b5be-429a-8b3d-d8cb2ecfa570','Personal Access Token','[]',0,'2020-11-30 04:34:03','2020-11-30 04:34:03','2021-05-30 04:34:02'),('df280ff681e73e0d9a23c1dc9fa8417bf22469bd040d2fcba0375462b2e717acab6f256a84f3d5d1',1,'91f32aa6-b5be-429a-8b3d-d8cb2ecfa570','Personal Access Token','[]',0,'2020-11-14 11:38:46','2020-11-14 11:38:46','2021-05-14 11:38:46'),('df87dc461fa6232856d9deb00795d746e2be3fc112165c836acaa1af588127553faceca89e74f35b',1,'91f32aa6-b5be-429a-8b3d-d8cb2ecfa570','Personal Access Token','[]',0,'2020-11-23 03:17:04','2020-11-23 03:17:04','2021-05-23 03:17:03'),('dfbce18477c2ab679ca8cfd6a0356412e4b5b6d2d97bd818296f13c1face5a4fb96b21259775716b',1,'91f32aa6-b5be-429a-8b3d-d8cb2ecfa570','Personal Access Token','[]',0,'2021-04-07 08:10:02','2021-04-07 08:10:02','2021-10-07 08:10:02'),('e05ab0209fa52919b33f9cc156c707a629098c1d2dafec43af9069ddbe5c04e4465704a43243b55f',1,'91f32aa6-b5be-429a-8b3d-d8cb2ecfa570','Personal Access Token','[]',0,'2020-11-14 11:45:12','2020-11-14 11:45:12','2021-05-14 11:45:11'),('e0870a974835b89d7de0d85380fe69138cb1789ad0ce5d7c1dec11106677c475440fbb2c9c8d01c9',1,'91f32aa6-b5be-429a-8b3d-d8cb2ecfa570','Personal Access Token','[]',0,'2020-11-16 15:36:16','2020-11-16 15:36:16','2021-05-16 15:36:16'),('e12adaf63806346e73f64827d7ff003806eda9467f2209383536fd70222cd58a15636c880d7614f0',1,'91f32aa6-b5be-429a-8b3d-d8cb2ecfa570','Personal Access Token','[]',0,'2021-06-17 10:07:22','2021-06-17 10:07:22','2021-12-17 10:07:22'),('e13f60c9026dddc730533b8c2594965bb272565173485c5e5403d6838acf83c162b0dbea9bcb405f',1,'91f32aa6-b5be-429a-8b3d-d8cb2ecfa570','Personal Access Token','[]',0,'2021-08-17 15:34:26','2021-08-17 15:34:26','2022-02-17 15:34:26'),('e217662a52cd1b0b04d2de314d5ec5caa9ba81713b743067eee6eccbc3a79bd7d15d1bc144c112d4',1,'91f32aa6-b5be-429a-8b3d-d8cb2ecfa570','Personal Access Token','[]',0,'2020-11-17 16:28:04','2020-11-17 16:28:04','2021-05-17 16:28:03'),('e303cfa4f25d86e2ff6bed215b1986015413afa7471f7e9d6a1c8279bab995008d1375e942191c93',1,'91f32aa6-b5be-429a-8b3d-d8cb2ecfa570','Personal Access Token','[]',0,'2021-07-03 02:57:12','2021-07-03 02:57:12','2022-01-03 02:57:12'),('e38ab1366d86b904393d6f2de0c935fff50aead5df65b46e4edf885d81df341af41a060e535e702a',1,'91f32aa6-b5be-429a-8b3d-d8cb2ecfa570','Personal Access Token','[]',0,'2021-08-17 14:02:59','2021-08-17 14:02:59','2022-02-17 14:02:59'),('e47569a91f0c698bce6b5bad27df1fc35a64aa7940a580cb3dfac913685b0a0a8406357014c8e8eb',1,'91f32aa6-b5be-429a-8b3d-d8cb2ecfa570','Personal Access Token','[]',0,'2020-11-27 10:29:11','2020-11-27 10:29:11','2021-05-27 10:29:11'),('e4b7c34159d7c34dbe797599ba43c5dfc46bf53d3daabe085aa78c7385223a224d221dff1ec30a2a',1,'91f32aa6-b5be-429a-8b3d-d8cb2ecfa570','Personal Access Token','[]',0,'2020-11-19 06:51:19','2020-11-19 06:51:19','2021-05-19 06:51:19'),('e6237763288f14ec6f5460e1b5b7fa2fbea9e19d89237467be3d2a3adde942545cb3a4ec4cc140ea',1,'91f32aa6-b5be-429a-8b3d-d8cb2ecfa570','Personal Access Token','[]',0,'2020-11-20 02:01:27','2020-11-20 02:01:27','2021-05-20 02:01:26'),('e66602ada5f159ec6111352940f9fd185661a16ced6d4698f8563b50aad138515abfd196d3bcae87',1,'91f32aa6-b5be-429a-8b3d-d8cb2ecfa570','Personal Access Token','[]',0,'2020-11-11 11:44:04','2020-11-11 11:44:04','2021-05-11 11:44:04'),('e810c56aa48586f6e452d1c0411434029f9a7e2351ef7af13e1bb0372db7669089a89f2d64b01505',1,'91f32aa6-b5be-429a-8b3d-d8cb2ecfa570','Personal Access Token','[]',0,'2020-11-12 07:28:40','2020-11-12 07:28:40','2021-05-12 07:28:39'),('e98b4fda43edb93739df06992bb6ea3573af3bf12689b9dd3e9ca0be90237e4204989c9c5d23ea54',1,'91f32aa6-b5be-429a-8b3d-d8cb2ecfa570','Personal Access Token','[]',0,'2021-06-20 15:43:18','2021-06-20 15:43:18','2021-12-20 15:43:17'),('eab72b92b523a26fbc64d87f3dfe7896f5fc9e3cfed9793af4795f49fe8e739713c2da5543052318',1,'91f32aa6-b5be-429a-8b3d-d8cb2ecfa570','Personal Access Token','[]',0,'2021-05-12 04:47:05','2021-05-12 04:47:05','2021-11-12 04:47:05'),('ead07944b26c05a146334b5c2af721a051b90bb43e4f3204deb0ed73e2c74463d54eea6d02ea1878',1,'91f32aa6-b5be-429a-8b3d-d8cb2ecfa570','Personal Access Token','[]',0,'2021-07-03 04:56:15','2021-07-03 04:56:15','2022-01-03 04:56:14'),('eb86b4a1c1271a12c21a054f867beaf4390c10fc0b99bfb67bb6617696c29907ca60eaa70c51e84a',1,'91f32aa6-b5be-429a-8b3d-d8cb2ecfa570','Personal Access Token','[]',0,'2021-04-09 16:46:07','2021-04-09 16:46:07','2021-10-09 16:46:06'),('ebee2b6a435478bfed4bfc20d9400acd080cf7cdb36b1f5054d80ca95eb719c56ce40f8465df3cf2',1,'91f32aa6-b5be-429a-8b3d-d8cb2ecfa570','Personal Access Token','[]',0,'2020-11-27 01:34:14','2020-11-27 01:34:14','2021-05-27 01:34:14'),('ec7ccf9ac928a80543e35e13272f48a727affcafd4aee73cf3ed2e25b775e0f48ac44816a63f9ae9',1,'91f32aa6-b5be-429a-8b3d-d8cb2ecfa570','Personal Access Token','[]',0,'2021-06-23 02:24:04','2021-06-23 02:24:04','2021-12-23 02:24:04'),('ecddd6df617d51859e78854ab9f6cdb1d5b4636ca5ae0736edaac8af70b139b4e413e2b6828d1c3d',1,'91f32aa6-b5be-429a-8b3d-d8cb2ecfa570','Personal Access Token','[]',0,'2021-06-28 06:23:33','2021-06-28 06:23:33','2021-12-28 06:23:33'),('ed4dfbdd1d143af0d7b2c889c69bc88ae97921d0e879a7306a8f729ead3504b4a57e0ecc22662f23',1,'91f32aa6-b5be-429a-8b3d-d8cb2ecfa570','Personal Access Token','[]',0,'2020-11-23 03:38:49','2020-11-23 03:38:49','2021-05-23 03:38:49'),('ed67e54cd14db13450b827d9144639c43127912dccf8df215bde53124b95e3a49f5d08a49a0cc6de',1,'91f32aa6-b5be-429a-8b3d-d8cb2ecfa570','Personal Access Token','[]',0,'2021-08-31 09:24:58','2021-08-31 09:24:58','2022-03-03 09:24:58'),('ed7ab8d360ffc48182056b8a1a648d375c4c278ebf033030197270a1fbf92e272cbb0330697e97bb',1,'91f32aa6-b5be-429a-8b3d-d8cb2ecfa570','Personal Access Token','[]',0,'2021-06-08 13:56:48','2021-06-08 13:56:48','2021-12-08 13:56:47'),('ee7167d10531c57f8336133e9ff21df801460d3b43ac772b0181e3d04b8b3a42cb8ade2c071f0252',1,'91f32aa6-b5be-429a-8b3d-d8cb2ecfa570','Personal Access Token','[]',0,'2021-06-02 06:17:11','2021-06-02 06:17:11','2021-12-02 06:17:11'),('eedaf9168fd083063094fc2cc9eb707d081d3960f48b2af146f41c60eb8ad05c8be8d088f6c62348',1,'91f32aa6-b5be-429a-8b3d-d8cb2ecfa570','Personal Access Token','[]',0,'2021-05-12 04:40:23','2021-05-12 04:40:23','2021-11-12 04:40:23'),('ef54bae015c6885a2d1b80943dc5770ddb5d34f9fff07f7b58538242b477316a2719098c83247f55',1,'91f32aa6-b5be-429a-8b3d-d8cb2ecfa570','Personal Access Token','[]',0,'2021-06-08 08:45:30','2021-06-08 08:45:30','2021-12-08 08:45:29'),('ef5fcc86d1093241d78dfa289bf50603b2e5dfaeac64645f483d3bcd30456b3d9dc65d66c052bb03',1,'91f32aa6-b5be-429a-8b3d-d8cb2ecfa570','Personal Access Token','[]',0,'2021-08-13 03:49:53','2021-08-13 03:49:53','2022-02-13 03:49:52'),('ef89e04d5cbeb29d7c82d180dea92660bec4fdd358de602b9b5511d9aebe95e80e38ec6cddb4f7f1',1,'91f32aa6-b5be-429a-8b3d-d8cb2ecfa570','Personal Access Token','[]',0,'2021-07-09 04:16:05','2021-07-09 04:16:05','2022-01-09 04:16:04'),('efcf3968d4e3f2298d6aabaebc21a62f26ca3415da61a2d08c262037f51ece9678a54ac4e0461d95',1,'91f32aa6-b5be-429a-8b3d-d8cb2ecfa570','Personal Access Token','[]',0,'2020-11-27 01:34:50','2020-11-27 01:34:50','2021-05-27 01:34:50'),('f0174e8ca4f6f1f8026e69b36ad7d4c670d2f54b118521c34a3bbed8c8151ba2faac3369da0e3a5f',1,'91f32aa6-b5be-429a-8b3d-d8cb2ecfa570','Personal Access Token','[]',0,'2021-06-28 06:13:45','2021-06-28 06:13:45','2021-12-28 06:13:44'),('f062b1a74b56ecb0bcac2894b5e2c5b72dcb5a9e07546042685920ceab4005ad6e0241b8a6f98d51',1,'91f32aa6-b5be-429a-8b3d-d8cb2ecfa570','Personal Access Token','[]',0,'2020-11-27 09:33:19','2020-11-27 09:33:19','2021-05-27 09:33:19'),('f133e85ce643dee0f90b52cf4e6b12b744944e89487ddf588b2003c68e808dd7d1eafe8729f737a6',1,'91f32aa6-b5be-429a-8b3d-d8cb2ecfa570','Personal Access Token','[]',0,'2021-06-11 03:53:43','2021-06-11 03:53:43','2021-12-11 03:53:43'),('f1dc17d8cfdc8ee4b970a03ac0ef01efb3b7440b319c8a35cbb55a514677800d183ef42d2d743f79',1,'91f32aa6-b5be-429a-8b3d-d8cb2ecfa570','Personal Access Token','[]',0,'2021-08-02 01:50:48','2021-08-02 01:50:48','2022-02-02 01:50:48'),('f1fb74b6d99fa7d4dab786b968fd05150eb80c4644f4e8a705d3f8d8c3d6a231611f6bc8a1a76959',1,'91f32aa6-b5be-429a-8b3d-d8cb2ecfa570','Personal Access Token','[]',0,'2021-04-09 10:03:17','2021-04-09 10:03:17','2021-10-09 10:03:17'),('f39fa98c2015eaff9094e0475393df592d231f1b59e585bd6fa69db3aed6ceb82adaf060e2fb103e',1,'91f32aa6-b5be-429a-8b3d-d8cb2ecfa570','Personal Access Token','[]',0,'2020-11-18 06:57:29','2020-11-18 06:57:29','2021-05-18 06:57:29'),('f457bbd869553517b22b63cb4be0c073d3188899a5b436387586b92d75ad663e0d2f748ae17a5e70',1,'91f32aa6-b5be-429a-8b3d-d8cb2ecfa570','Personal Access Token','[]',0,'2021-08-29 09:31:09','2021-08-29 09:31:09','2022-03-01 09:31:09'),('f60d301c3d8fcabeaaee2e5fe5dd15faf568359a79428374aebe1a442c7cd2b090dea1a26928c9ab',1,'91f32aa6-b5be-429a-8b3d-d8cb2ecfa570','Personal Access Token','[]',0,'2021-06-23 01:08:24','2021-06-23 01:08:24','2021-12-23 01:08:24'),('f62fcf45ce6ba52437da5830376dfd748933bbe4a31e58e44925d40dc06ad1137e0207d1be070fee',1,'91f32aa6-b5be-429a-8b3d-d8cb2ecfa570','Personal Access Token','[]',0,'2021-06-15 07:31:54','2021-06-15 07:31:54','2021-12-15 07:31:53'),('f6abf3f2aeb38349d0e3e3772600be5c9c805033062dd66b6f72e1243a01c2e110715104af3fdce1',1,'91f32aa6-b5be-429a-8b3d-d8cb2ecfa570','Personal Access Token','[]',0,'2020-11-24 14:01:48','2020-11-24 14:01:48','2021-05-24 14:01:47'),('f6f622005a1e8c5ad99c46a8e48396b0f055f3cd42d161401db78158d06d17677cb9805a0046efe8',1,'91f32aa6-b5be-429a-8b3d-d8cb2ecfa570','Personal Access Token','[]',0,'2021-08-17 14:05:38','2021-08-17 14:05:38','2022-02-17 14:05:38'),('f7c77d0b825ba36eb554e99d2950935b0a2b1560315c6b1980307d4c0b6115c80319403c8e6435c5',1,'91f32aa6-b5be-429a-8b3d-d8cb2ecfa570','Personal Access Token','[]',0,'2021-06-23 01:25:48','2021-06-23 01:25:48','2021-12-23 01:25:48'),('f8a7fe297e4a4b4131025e360ea7c8ac78f751cee59353e9242c8491809b79f3a7f711c9a14f16a7',1,'91f32aa6-b5be-429a-8b3d-d8cb2ecfa570','Personal Access Token','[]',0,'2021-08-21 15:39:42','2021-08-21 15:39:42','2022-02-21 15:39:30'),('f8bd8c332d302fb9ccb985e39429d3ee22218c27a4f09a692d44879bb44b5d658af9f8ed502faa11',1,'91f32aa6-b5be-429a-8b3d-d8cb2ecfa570','Personal Access Token','[]',0,'2020-11-23 14:41:05','2020-11-23 14:41:05','2021-05-23 14:41:05'),('f8dfe7e9c667bea0e240ff9079eabbaab6af44f84ae7147ab08366d31e9fd863faa66bb6521c9eb0',1,'91f32aa6-b5be-429a-8b3d-d8cb2ecfa570','Personal Access Token','[]',0,'2020-11-09 14:31:55','2020-11-09 14:31:55','2021-05-09 14:31:55'),('f8f5d700a200aa75d2879a786fb23aed9f22efb6365a7fd01ee62c2dd79cdc679de8d92797dd8af8',1,'91f32aa6-b5be-429a-8b3d-d8cb2ecfa570','Personal Access Token','[]',0,'2021-07-08 23:51:01','2021-07-08 23:51:01','2022-01-08 23:51:00'),('f9172705028660b51e0917f3e6dfe7d12d30a676200a6c5d23eda2e4fd1654a2a87c50368ab7775a',1,'91f32aa6-b5be-429a-8b3d-d8cb2ecfa570','Personal Access Token','[]',0,'2020-11-23 04:33:39','2020-11-23 04:33:39','2021-05-23 04:33:38'),('f9660b5b83d6aad2b4c82fd6c4f259f4e4902b9c8c6eaebcaf27c1a3a3a1babaa46ee3f429f76d5e',1,'91f32aa6-b5be-429a-8b3d-d8cb2ecfa570','Personal Access Token','[]',0,'2021-08-17 10:38:45','2021-08-17 10:38:45','2022-02-17 10:38:44'),('fa0707458765f43bfbb55dca911788e7f9465903fae2d5f7fc5c7a9e1fce54c51992ce5d20dcf356',1,'91f32aa6-b5be-429a-8b3d-d8cb2ecfa570','Personal Access Token','[]',0,'2021-08-29 09:14:55','2021-08-29 09:14:55','2022-03-01 09:14:54'),('fa27fca1c6e7bf45c29d22abb7bbfa80eefed31796b080b2bdf7f634669f7c3f39b430b0f7b5c64a',1,'91f32aa6-b5be-429a-8b3d-d8cb2ecfa570','Personal Access Token','[]',0,'2020-11-12 09:10:35','2020-11-12 09:10:35','2021-05-12 09:10:34'),('fd86f77b92c2d51e1e7c2f563f6b3f31bb8f8067685dd72c0f2d89423db2b47132d543b64fe401b0',1,'91f32aa6-b5be-429a-8b3d-d8cb2ecfa570','Personal Access Token','[]',0,'2020-11-09 13:50:33','2020-11-09 13:50:33','2021-05-09 13:50:33'),('fdade49c611a1340783b3687d2493aa855d42306ac7f2710cc3e68629c2b7cc520b408af27f03841',1,'91f32aa6-b5be-429a-8b3d-d8cb2ecfa570','Personal Access Token','[]',0,'2021-06-16 01:41:25','2021-06-16 01:41:25','2021-12-16 01:41:25'),('fe2c9fb0d2deb2335a46415ad5f6d3a9b3b7a0809c2e28bcf5bbd88a7994efbc981a4e636a4fda19',1,'91f32aa6-b5be-429a-8b3d-d8cb2ecfa570','Personal Access Token','[]',0,'2021-06-17 14:28:51','2021-06-17 14:28:51','2021-12-17 14:28:51'),('fe2dcc179ef9a6ff12155df424f0b424f33e7de65e2efc6064da0b4343d26d0fe103e0193cab93ba',1,'91f32aa6-b5be-429a-8b3d-d8cb2ecfa570','Personal Access Token','[]',0,'2021-07-22 03:52:52','2021-07-22 03:52:52','2022-01-22 03:52:51'),('ff234529fa7db024bdbb022382d44d7df3337faa8929f5ad48111cfad1f302f2577998d61f0a0ce8',1,'91f32aa6-b5be-429a-8b3d-d8cb2ecfa570','Personal Access Token','[]',0,'2020-11-11 15:06:50','2020-11-11 15:06:50','2021-05-11 15:06:50'),('ff89e8bf76aafe5aa20a266f5c07348194acd27c4a50b10e5b406e01435a2743be62eec0d4734db4',1,'91f32aa6-b5be-429a-8b3d-d8cb2ecfa570','Personal Access Token','[]',0,'2020-11-27 10:16:02','2020-11-27 10:16:02','2021-05-27 10:16:01');
/*!40000 ALTER TABLE `oauth_access_tokens` ENABLE KEYS */;
UNLOCK TABLES;

--
-- Table structure for table `oauth_auth_codes`
--

DROP TABLE IF EXISTS `oauth_auth_codes`;
/*!40101 SET @saved_cs_client     = @@character_set_client */;
/*!40101 SET character_set_client = utf8 */;
CREATE TABLE `oauth_auth_codes` (
  `id` varchar(100) COLLATE utf8mb4_unicode_ci NOT NULL,
  `user_id` bigint(20) unsigned NOT NULL,
  `client_id` char(36) COLLATE utf8mb4_unicode_ci NOT NULL,
  `scopes` text COLLATE utf8mb4_unicode_ci,
  `revoked` tinyint(1) NOT NULL,
  `expires_at` datetime DEFAULT NULL,
  PRIMARY KEY (`id`),
  KEY `oauth_auth_codes_user_id_index` (`user_id`)
) ENGINE=InnoDB DEFAULT CHARSET=utf8mb4 COLLATE=utf8mb4_unicode_ci;
/*!40101 SET character_set_client = @saved_cs_client */;

--
-- Dumping data for table `oauth_auth_codes`
--

LOCK TABLES `oauth_auth_codes` WRITE;
/*!40000 ALTER TABLE `oauth_auth_codes` DISABLE KEYS */;
/*!40000 ALTER TABLE `oauth_auth_codes` ENABLE KEYS */;
UNLOCK TABLES;

--
-- Table structure for table `oauth_clients`
--

DROP TABLE IF EXISTS `oauth_clients`;
/*!40101 SET @saved_cs_client     = @@character_set_client */;
/*!40101 SET character_set_client = utf8 */;
CREATE TABLE `oauth_clients` (
  `id` char(36) COLLATE utf8mb4_unicode_ci NOT NULL,
  `user_id` bigint(20) unsigned DEFAULT NULL,
  `name` varchar(191) COLLATE utf8mb4_unicode_ci NOT NULL,
  `secret` varchar(100) COLLATE utf8mb4_unicode_ci DEFAULT NULL,
  `provider` varchar(191) COLLATE utf8mb4_unicode_ci DEFAULT NULL,
  `redirect` text COLLATE utf8mb4_unicode_ci NOT NULL,
  `personal_access_client` tinyint(1) NOT NULL,
  `password_client` tinyint(1) NOT NULL,
  `revoked` tinyint(1) NOT NULL,
  `created_at` timestamp NULL DEFAULT NULL,
  `updated_at` timestamp NULL DEFAULT NULL,
  PRIMARY KEY (`id`),
  KEY `oauth_clients_user_id_index` (`user_id`)
) ENGINE=InnoDB DEFAULT CHARSET=utf8mb4 COLLATE=utf8mb4_unicode_ci;
/*!40101 SET character_set_client = @saved_cs_client */;

--
-- Dumping data for table `oauth_clients`
--

LOCK TABLES `oauth_clients` WRITE;
/*!40000 ALTER TABLE `oauth_clients` DISABLE KEYS */;
INSERT INTO `oauth_clients` VALUES ('91f32aa6-b5be-429a-8b3d-d8cb2ecfa570',NULL,'Laravel Personal Access Client','26bG9BEjvLZNU9u7xXHenY4lZElcMN8I3LXysT0l',NULL,'http://localhost',1,0,0,'2020-11-07 07:56:26','2020-11-07 07:56:26'),('91f32aa6-c0b8-48f3-81b6-7a98af522c99',NULL,'Laravel Password Grant Client','7B0UXCsHpoRJmjFiWWztW6BDE3HAmTla0nYPmw8t','users','http://localhost',0,1,0,'2020-11-07 07:56:26','2020-11-07 07:56:26');
/*!40000 ALTER TABLE `oauth_clients` ENABLE KEYS */;
UNLOCK TABLES;

--
-- Table structure for table `oauth_personal_access_clients`
--

DROP TABLE IF EXISTS `oauth_personal_access_clients`;
/*!40101 SET @saved_cs_client     = @@character_set_client */;
/*!40101 SET character_set_client = utf8 */;
CREATE TABLE `oauth_personal_access_clients` (
  `id` bigint(20) unsigned NOT NULL AUTO_INCREMENT,
  `client_id` char(36) COLLATE utf8mb4_unicode_ci NOT NULL,
  `created_at` timestamp NULL DEFAULT NULL,
  `updated_at` timestamp NULL DEFAULT NULL,
  PRIMARY KEY (`id`)
) ENGINE=InnoDB AUTO_INCREMENT=2 DEFAULT CHARSET=utf8mb4 COLLATE=utf8mb4_unicode_ci;
/*!40101 SET character_set_client = @saved_cs_client */;

--
-- Dumping data for table `oauth_personal_access_clients`
--

LOCK TABLES `oauth_personal_access_clients` WRITE;
/*!40000 ALTER TABLE `oauth_personal_access_clients` DISABLE KEYS */;
INSERT INTO `oauth_personal_access_clients` VALUES (1,'91f32aa6-b5be-429a-8b3d-d8cb2ecfa570','2020-11-07 07:56:26','2020-11-07 07:56:26');
/*!40000 ALTER TABLE `oauth_personal_access_clients` ENABLE KEYS */;
UNLOCK TABLES;

--
-- Table structure for table `oauth_refresh_tokens`
--

DROP TABLE IF EXISTS `oauth_refresh_tokens`;
/*!40101 SET @saved_cs_client     = @@character_set_client */;
/*!40101 SET character_set_client = utf8 */;
CREATE TABLE `oauth_refresh_tokens` (
  `id` varchar(100) COLLATE utf8mb4_unicode_ci NOT NULL,
  `access_token_id` varchar(100) COLLATE utf8mb4_unicode_ci NOT NULL,
  `revoked` tinyint(1) NOT NULL,
  `expires_at` datetime DEFAULT NULL,
  PRIMARY KEY (`id`),
  KEY `oauth_refresh_tokens_access_token_id_index` (`access_token_id`)
) ENGINE=InnoDB DEFAULT CHARSET=utf8mb4 COLLATE=utf8mb4_unicode_ci;
/*!40101 SET character_set_client = @saved_cs_client */;

--
-- Dumping data for table `oauth_refresh_tokens`
--

LOCK TABLES `oauth_refresh_tokens` WRITE;
/*!40000 ALTER TABLE `oauth_refresh_tokens` DISABLE KEYS */;
/*!40000 ALTER TABLE `oauth_refresh_tokens` ENABLE KEYS */;
UNLOCK TABLES;

--
-- Table structure for table `password_resets`
--

DROP TABLE IF EXISTS `password_resets`;
/*!40101 SET @saved_cs_client     = @@character_set_client */;
/*!40101 SET character_set_client = utf8 */;
CREATE TABLE `password_resets` (
  `email` varchar(191) COLLATE utf8mb4_unicode_ci NOT NULL,
  `token` varchar(191) COLLATE utf8mb4_unicode_ci NOT NULL,
  `created_at` timestamp NULL DEFAULT NULL,
  KEY `password_resets_email_index` (`email`)
) ENGINE=InnoDB DEFAULT CHARSET=utf8mb4 COLLATE=utf8mb4_unicode_ci;
/*!40101 SET character_set_client = @saved_cs_client */;

--
-- Dumping data for table `password_resets`
--

LOCK TABLES `password_resets` WRITE;
/*!40000 ALTER TABLE `password_resets` DISABLE KEYS */;
/*!40000 ALTER TABLE `password_resets` ENABLE KEYS */;
UNLOCK TABLES;

--
-- Table structure for table `questions`
--

DROP TABLE IF EXISTS `questions`;
/*!40101 SET @saved_cs_client     = @@character_set_client */;
/*!40101 SET character_set_client = utf8 */;
CREATE TABLE `questions` (
  `id` int(11) NOT NULL AUTO_INCREMENT,
  `content` varchar(500) NOT NULL,
  `suggest` varchar(255) DEFAULT NULL,
  `question_kind` int(11) NOT NULL,
  `created_at` timestamp NULL DEFAULT NULL,
  `updated_at` timestamp NULL DEFAULT NULL,
  PRIMARY KEY (`id`)
) ENGINE=InnoDB AUTO_INCREMENT=15 DEFAULT CHARSET=utf8mb4;
/*!40101 SET character_set_client = @saved_cs_client */;

--
-- Dumping data for table `questions`
--

LOCK TABLES `questions` WRITE;
/*!40000 ALTER TABLE `questions` DISABLE KEYS */;
INSERT INTO `questions` VALUES (1,'名前、今住んでいる所や出身地、好きなモノといった簡単な自己紹介をお願いします','日本語のレベル・事前の準備',2,'2021-04-11 23:44:55','2021-04-11 23:44:55'),(2,'自己PR・強みを教えてください(具体的なエピソード)','論理的に話せるか・強みへの理解',2,'2021-04-11 23:44:55','2021-04-11 23:44:55'),(3,'一番頑張ったことはなんですか？','主体性・協調性',2,'2021-05-07 19:00:09','2021-05-07 19:00:09'),(4,'目標を立てて、実際に行動してみたことはありますか','実行力・行動力',2,'2021-05-07 19:00:09','2021-05-07 19:00:09'),(5,'日本の理解と文化になじめるかどうか','異文化適応・理解',2,'2021-05-07 19:01:09','2021-05-07 19:01:09'),(6,'日本人の働き方はどう思いますか？','適応力・好奇心',2,'2021-05-07 19:01:09','2021-05-07 19:01:09'),(7,'これまでの学歴、もしくは職歴を教えてください','日本語力',2,NULL,NULL),(8,'日本語の勉強する方法を教えてください','向上心',2,NULL,NULL),(9,'あなたの失敗した経験を教えてください','分析力・事前準備',2,NULL,NULL),(10,'日本でのキャリアプラン',NULL,1,NULL,NULL),(11,'日本文化の中で一番好きな文化は何ですか？','好奇心',1,NULL,NULL),(12,'日本に来たいきっかけは何ですか','動機や事前準備',1,NULL,NULL),(13,'主体的か能動的か、周りの人にはどんな人と言われるか',NULL,1,NULL,NULL),(14,'最近、興味を持っているものは何か','嗜好',1,NULL,NULL);
/*!40000 ALTER TABLE `questions` ENABLE KEYS */;
UNLOCK TABLES;

--
-- Table structure for table `result_interviews`
--

DROP TABLE IF EXISTS `result_interviews`;
/*!40101 SET @saved_cs_client     = @@character_set_client */;
/*!40101 SET character_set_client = utf8 */;
CREATE TABLE `result_interviews` (
  `id` int(11) NOT NULL AUTO_INCREMENT,
  `candidate_id` int(11) NOT NULL,
  `evaluate` varchar(500) DEFAULT NULL,
  `interviewer` varchar(255) DEFAULT NULL,
  `created_at` timestamp NULL DEFAULT NULL,
  `updated_at` timestamp NULL DEFAULT NULL,
  PRIMARY KEY (`id`)
) ENGINE=InnoDB AUTO_INCREMENT=58 DEFAULT CHARSET=utf8mb4;
/*!40101 SET character_set_client = @saved_cs_client */;

--
-- Dumping data for table `result_interviews`
--

LOCK TABLES `result_interviews` WRITE;
/*!40000 ALTER TABLE `result_interviews` DISABLE KEYS */;
INSERT INTO `result_interviews` VALUES (10,20,'bqwdewq',NULL,'2021-04-12 01:29:11','2021-04-12 01:29:11'),(11,20,'bqwdewq',NULL,'2021-04-12 01:30:58','2021-04-12 01:30:58'),(12,20,'bqwdewq',NULL,'2021-04-12 01:37:49','2021-04-12 01:37:49'),(13,20,'bqwdewq',NULL,'2021-04-13 07:57:40','2021-04-13 07:57:40'),(14,1,NULL,NULL,'2021-04-14 17:06:54','2021-06-15 14:01:31'),(15,1,NULL,NULL,'2021-04-14 17:07:19','2021-04-14 17:07:19'),(16,1,NULL,NULL,'2021-04-14 17:12:49','2021-04-14 17:12:49'),(17,1,NULL,NULL,'2021-04-14 17:13:39','2021-04-14 17:13:39'),(18,1,NULL,NULL,'2021-04-15 16:23:08','2021-04-15 16:23:08'),(19,1,NULL,NULL,'2021-04-15 16:53:52','2021-04-15 16:53:52'),(20,7,NULL,NULL,'2021-04-15 17:16:24','2021-04-15 17:16:24'),(21,7,NULL,NULL,'2021-04-15 18:06:49','2021-04-15 18:06:49'),(22,1,'abc',NULL,'2021-04-24 09:53:47','2021-04-24 09:53:47'),(23,1,NULL,NULL,'2021-04-24 09:54:27','2021-04-24 09:54:27'),(24,1,NULL,NULL,'2021-04-24 09:55:46','2021-04-24 09:55:46'),(25,1,'test',NULL,'2021-04-24 10:01:00','2021-04-24 10:01:00'),(26,1,NULL,NULL,'2021-04-24 10:07:58','2021-04-24 10:07:58'),(27,1,NULL,NULL,'2021-04-24 10:08:54','2021-04-24 10:08:54'),(28,24,NULL,NULL,'2021-05-08 15:28:37','2021-05-08 15:29:53'),(29,25,NULL,NULL,'2021-05-10 16:42:04','2021-05-10 16:45:31'),(30,39,NULL,NULL,'2021-05-11 02:22:13','2021-06-17 02:59:54'),(31,45,'AAA',NULL,'2021-05-12 04:37:24','2021-05-12 04:37:25'),(32,44,NULL,NULL,'2021-05-12 06:23:31','2021-05-12 06:23:38'),(33,48,'x73RS2dá chau vo','ngo thị','2021-06-02 06:12:46','2021-06-21 14:35:35'),(34,34,NULL,NULL,'2021-06-07 14:15:15','2021-06-21 03:48:34'),(35,35,'fsdfsdfsdfsdf','dasdasdasd','2021-06-08 14:15:58','2021-06-21 03:55:21'),(36,37,NULL,NULL,'2021-06-15 14:07:02','2021-06-17 18:36:24'),(37,32,NULL,NULL,'2021-06-15 14:07:31','2021-06-15 14:07:31'),(38,16,NULL,NULL,'2021-06-15 15:09:23','2021-06-15 15:09:28'),(39,38,'11111',NULL,'2021-06-15 15:22:04','2021-06-20 15:25:49'),(40,40,NULL,NULL,'2021-06-15 17:40:50','2021-06-15 17:41:12'),(41,36,NULL,NULL,'2021-06-17 04:19:14','2021-06-17 04:19:14'),(42,41,NULL,NULL,'2021-06-17 10:42:50','2021-06-17 10:56:09'),(43,43,NULL,NULL,'2021-06-17 14:00:41','2021-06-17 14:03:02'),(44,47,NULL,NULL,'2021-06-17 14:21:43','2021-06-17 18:43:14'),(45,10,'bqwdewq','12321','2021-06-20 01:28:03','2021-06-21 01:50:26'),(46,54,'test roi ok','chau','2021-06-23 03:45:08','2021-06-23 03:45:38'),(47,53,'1','fsdfsdf','2021-06-23 03:55:14','2021-06-23 03:55:14'),(48,57,'1','ヴー　ゴック　ズー','2021-06-23 13:59:30','2021-06-24 03:00:31'),(49,68,'1','ヴー　ゴック　ズー','2021-06-23 16:03:18','2021-06-23 16:03:18'),(50,59,'1','hchau','2021-06-24 03:01:17','2021-06-24 03:01:17'),(51,89,'1','廣田','2021-06-28 07:20:51','2021-06-28 07:21:19'),(52,84,'1',NULL,'2021-07-03 02:55:59','2021-07-03 02:55:59'),(53,146,'pv tot7','chau','2021-07-09 03:55:54','2021-08-17 13:36:10'),(54,153,NULL,'Kim Chi','2021-08-17 10:00:25','2021-08-28 18:35:14'),(55,151,'日本語のレベル・事前の準備','Kim Chi','2021-08-17 10:15:56','2021-08-17 10:16:39'),(56,154,NULL,NULL,'2021-08-17 15:43:51','2021-08-17 15:44:03'),(57,158,'評価','ogawa','2021-08-18 04:39:36','2021-08-28 08:55:39');
/*!40000 ALTER TABLE `result_interviews` ENABLE KEYS */;
UNLOCK TABLES;

--
-- Table structure for table `users`
--

DROP TABLE IF EXISTS `users`;
/*!40101 SET @saved_cs_client     = @@character_set_client */;
/*!40101 SET character_set_client = utf8 */;
CREATE TABLE `users` (
  `id` bigint(20) unsigned NOT NULL AUTO_INCREMENT,
  `name` varchar(191) COLLATE utf8mb4_unicode_ci NOT NULL,
  `email` varchar(191) COLLATE utf8mb4_unicode_ci NOT NULL,
  `email_verified_at` timestamp NULL DEFAULT NULL,
  `password` varchar(191) COLLATE utf8mb4_unicode_ci NOT NULL,
  `remember_token` varchar(100) COLLATE utf8mb4_unicode_ci DEFAULT NULL,
  `created_at` timestamp NULL DEFAULT NULL,
  `updated_at` timestamp NULL DEFAULT NULL,
  PRIMARY KEY (`id`),
  UNIQUE KEY `users_email_unique` (`email`)
) ENGINE=InnoDB AUTO_INCREMENT=3 DEFAULT CHARSET=utf8mb4 COLLATE=utf8mb4_unicode_ci;
/*!40101 SET character_set_client = @saved_cs_client */;

--
-- Dumping data for table `users`
--

LOCK TABLES `users` WRITE;
/*!40000 ALTER TABLE `users` DISABLE KEYS */;
INSERT INTO `users` VALUES (1,'Admin','admin@test.com',NULL,'$2y$10$5GfCD9y6Wv2p//qGE/RwA.YtQcgVXjyaaeX1tgtb0qu5MBh5Gl8C.',NULL,'2020-11-07 07:56:05','2020-11-07 07:56:05');
/*!40000 ALTER TABLE `users` ENABLE KEYS */;
UNLOCK TABLES;
/*!40103 SET TIME_ZONE=@OLD_TIME_ZONE */;

/*!40101 SET SQL_MODE=@OLD_SQL_MODE */;
/*!40014 SET FOREIGN_KEY_CHECKS=@OLD_FOREIGN_KEY_CHECKS */;
/*!40014 SET UNIQUE_CHECKS=@OLD_UNIQUE_CHECKS */;
/*!40101 SET CHARACTER_SET_CLIENT=@OLD_CHARACTER_SET_CLIENT */;
/*!40101 SET CHARACTER_SET_RESULTS=@OLD_CHARACTER_SET_RESULTS */;
/*!40101 SET COLLATION_CONNECTION=@OLD_COLLATION_CONNECTION */;
/*!40111 SET SQL_NOTES=@OLD_SQL_NOTES */;

-- Dump completed on 2021-10-01  1:17:46
